pressure,accel_x,accel_y,accel_z,gyro_x,gyro_y,gyro_z
0.068966,-0.321298,0.093637,0.194423,-0.189336,-0.058633,-0.144534
0.110729,-0.477491,-0.051039,-0.450189,-0.195805,-0.102008,-0.132820
0.146230,0.271988,-0.210091,-0.353034,-0.126126,-0.115327,-0.047198
0.194900,0.878728,-0.313076,-0.512324,-0.056427,-0.102672,0.045431
0.256886,0.487711,-0.237014,-0.782829,-0.085792,-0.024676,0.058251
0.300513,-0.033074,-0.043282,-0.066929,-0.140201,0.116293,0.023896
0.314251,0.010549,0.026594,0.494931,-0.106491,0.183706,0.017199
0.316925,0.141069,-0.063995,-0.236621,-0.058823,0.115840,0.028773
0.320234,-0.003143,-0.089459,-0.585686,-0.086913,0.040992,-0.002343
0.320793,-0.206970,0.023388,0.229229,-0.091387,0.047115,-0.053068
0.316000,-0.174848,0.075930,0.310552,-0.029018,0.071091,-0.034562
0.308466,0.217971,-0.025774,-0.539454,-0.026319,0.050614,0.008239
0.306193,0.366691,-0.080810,-0.555881,-0.069555,0.020478,-0.026401
0.317423,-0.193680,0.022067,-0.116581,-0.048890,0.095338,0.045192
0.338877,0.207788,-0.015031,-0.327402,-0.051689,0.323714,0.452839
0.361940,2.629446,-0.387189,-0.276606,-0.124813,0.501155,0.865105
0.386878,3.690014,-0.606524,0.242085,-0.115210,0.398472,0.763048
0.412243,0.903334,-0.199000,0.174262,-0.058764,0.161623,0.326607
0.424853,-1.845668,0.355642,0.175895,-0.107511,0.047128,0.096207
0.421308,-1.406981,0.413715,0.783464,-0.119590,-0.022279,0.062923
0.418635,-0.732122,0.243229,0.580114,-0.014008,-0.121133,-0.025291
0.424979,-1.156312,0.151885,-0.173420,-0.031450,-0.036164,-0.025027
0.426387,0.038497,-0.107621,0.135251,-0.106156,0.197979,0.072564
0.418873,1.208489,-0.100200,0.439215,0.088334,0.236569,-0.142091
0.419267,-1.142036,0.707792,-0.029489,0.310785,0.138778,-0.551252
0.429253,-2.932509,0.983554,0.690921,0.193353,0.165625,-0.555526
0.427966,-0.218845,-0.399055,1.424263,0.080273,0.130738,-0.268396
0.409358,2.193302,-1.663384,-0.846292,0.173902,-0.001306,-0.062787
0.389222,2.301053,-1.220202,-2.194107,-0.020726,0.197739,0.395045
0.379964,4.372497,-0.413158,1.702498,-0.476870,0.599564,1.100154
0.384072,5.893290,-0.334281,4.619707,-0.558780,0.684209,1.289596
0.385822,2.532604,-0.000041,1.330982,-0.288680,0.657411,0.900352
0.345348,-0.671397,0.798754,-2.100819,0.068272,0.758838,0.432386
0.253325,-1.220000,0.729034,-2.405315,0.692108,0.542958,-0.161855
0.171999,-3.676528,-0.381643,-3.793299,1.199666,0.054951,-0.711008
0.154135,-5.415836,-0.927613,-4.364607,0.874928,-0.055791,-0.611877
0.168220,-1.894912,-0.136897,-0.478797,0.185566,0.107220,-0.183460
0.171671,0.935729,0.825122,2.477674,-0.082475,0.032227,-0.164084
0.179562,-0.772237,1.070599,1.456265,-0.248541,-0.114862,-0.306606
0.205737,-1.453236,0.977335,1.257038,-0.592187,-0.041625,-0.182598
0.234103,0.159306,0.508534,1.794079,-0.598224,0.084523,-0.048121
0.270176,0.495725,-0.582920,-0.456673,-0.213583,0.159901,-0.014061
0.322741,0.662114,-1.290503,-2.511863,0.024669,0.302625,0.145786
0.357531,1.513622,-0.810813,-1.493201,0.029165,0.452483,0.310389
0.350333,0.656203,-0.048556,-0.154522,-0.022561,0.372631,0.220850
0.333958,-0.794320,-0.006641,0.255596,-0.133821,-0.006701,-0.066027
0.339108,-0.995335,-0.415127,0.722279,-0.177819,-0.382140,-0.354169
0.345246,-1.792008,-0.451706,0.488446,-0.052013,-0.353990,-0.453434
0.328300,-2.495758,0.189030,-0.076777,0.051938,0.010013,-0.306205
0.309216,-0.563040,0.834785,0.301276,0.070802,0.282841,-0.153209
0.304681,1.167134,0.578136,0.253495,0.099715,0.386672,-0.045377
0.273868,0.611098,-0.527389,-0.636387,0.080082,0.588478,0.458735
0.193161,2.238523,-1.622841,-0.520562,0.074013,0.830689,1.262027
0.127921,5.421141,-1.668390,-0.139191,0.191271,0.735805,1.297369
0.134560,1.704664,0.016644,-0.465473,0.124865,0.269335,0.227072
0.173420,-7.006161,2.209154,0.583335,-0.282445,-0.152489,-0.741519
0.200452,-7.983501,2.309249,2.301888,-0.503003,-0.252001,-0.794840
0.231895,-1.177148,0.290198,1.043618,-0.206927,-0.171822,-0.586794
0.269924,1.326866,-1.056935,-2.085222,0.156365,-0.085499,-0.546038
0.285678,-0.385109,-0.863154,-2.830880,0.115998,0.097935,-0.043704
0.282093,3.291521,-0.746967,-0.417612,-0.230332,0.418446,0.988331
0.279653,8.949407,-0.821372,2.583572,-0.484961,0.590485,1.419312
0.271769,5.308236,0.148555,2.987874,-0.378935,0.394877,0.680113
0.245802,-4.768052,1.210706,-0.004911,0.103339,0.080618,-0.255770
0.206764,-7.881252,0.094985,-3.321191,0.760273,0.024344,-0.331445
0.167868,-1.328577,-2.310670,-4.161781,1.125973,0.205116,0.231334
0.143789,4.686296,-2.302495,-2.532852,0.782288,0.311658,0.528889
0.142289,3.248672,0.732938,0.700614,-0.025835,0.192394,0.141428
0.153738,-2.208380,3.087231,3.418855,-0.645284,-0.044863,-0.560750
0.166075,-5.079118,2.594179,3.186098,-0.781388,-0.230049,-0.857166
0.188466,-2.807860,0.874928,0.875026,-0.503048,-0.249816,-0.482149
0.232279,1.311060,-0.337894,-0.910908,-0.057412,-0.091760,0.076135
0.268632,2.681024,-0.699742,-1.142327,0.147997,0.149033,0.365246
0.253696,1.976914,-0.344412,-0.164402,0.015978,0.313283,0.374563
0.201605,0.977506,0.048890,0.653217,-0.103111,0.206121,-0.033789
0.168617,-2.808628,-0.021434,0.318278,-0.029846,-0.195525,-0.793120
0.170987,-6.600618,-0.150961,-0.313737,0.070704,-0.479253,-0.972938
0.182838,-1.875738,-0.080401,-0.611161,0.045405,-0.176836,-0.037331
0.181718,7.422563,0.011348,-0.689319,-0.075415,0.503919,1.012481
0.148210,8.054638,0.055799,-0.288147,-0.041799,0.842734,1.064793
0.078186,0.265385,-0.231489,-0.609533,0.326717,0.549242,0.363995
0.011892,-5.037745,-0.945099,-2.725798,0.723124,0.035324,-0.191813
-0.009593,-4.536415,-1.344403,-3.841918,0.726965,-0.234086,-0.194812
0.000917,-1.734764,-0.856323,-1.651932,0.368034,-0.164373,0.139785
0.006016,0.922666,0.459086,1.840386,-0.148679,0.078163,0.344187
-0.004243,1.542590,2.179101,4.465106,-0.673170,0.191040,0.086243
-0.005381,-0.595611,2.793073,4.750713,-0.860493,0.010754,-0.515849
0.026713,-2.614115,1.087758,1.400649,-0.473040,-0.225293,-0.939226
0.077994,-1.369164,-1.263663,-2.694476,0.099641,-0.265988,-0.762357
0.118601,2.001145,-2.023295,-3.594286,0.251519,-0.173288,-0.058887
0.140947,3.943485,-1.577364,-2.438112,-0.046257,0.032410,0.724403
0.133421,3.184069,-0.746729,-1.157334,-0.301885,0.388731,1.051008
0.079820,0.551572,0.812471,0.629917,-0.298220,0.643854,0.648627
0.015173,-2.891254,2.165223,2.076118,-0.233405,0.581852,-0.046276
-0.007656,-4.068258,1.112083,1.413219,0.051830,0.373951,-0.192112
0.001057,0.026206,-2.191482,-2.310349,0.861183,0.202764,0.385833
0.002910,5.563924,-4.500273,-7.037965,1.534017,0.045057,1.011938
-0.001955,5.577697,-3.593838,-6.126532,1.135973,-0.092917,1.140463
-0.000572,0.585385,-0.789612,1.964245,0.027271,-0.163086,0.815018
0.001312,-3.725610,1.949603,7.973962,-0.722988,-0.296217,0.292478
-0.000314,-5.614130,3.840336,6.151507,-0.669770,-0.845357,-0.286171
-0.000566,-6.666518,3.803544,1.280322,-0.020269,-1.890007,-1.050098
0.000442,-7.634372,2.294649,-2.251521,0.492887,-2.605892,-1.977297
0.000105,-7.064352,2.474952,-3.263159,-0.010337,-2.069360,-2.281068
-0.000300,-1.695348,4.570853,-0.600192,-1.290017,-0.910672,-1.503476
0.000080,6.416707,4.806459,2.388660,-1.903271,-0.566221,-0.790541
0.000147,8.230045,2.368986,-0.335830,-1.014032,-0.874534,-1.079597
-0.000122,3.536456,-0.741768,-6.926164,0.405543,-0.554956,-1.307747
-0.000054,3.591118,-4.299571,-7.541033,0.734182,0.383122,-0.502710
0.000135,9.096930,-6.406929,1.256580,-0.051848,1.013193,0.490628
-0.000014,8.972817,-3.478524,7.995801,-0.411494,1.261112,0.843038
-0.000164,2.629225,1.556758,3.031440,0.125566,1.419785,0.788347
0.000132,-1.752331,2.316989,-3.537085,0.394153,1.330699,0.422723
0.000165,-3.199593,-0.118313,-0.069216,-0.007528,1.079935,-0.227151
-0.000356,-3.264750,-0.785580,5.119752,-0.277060,1.013250,-0.458782
0.000001,-0.067675,-0.134639,2.302890,-0.157748,0.945147,0.023287
0.000651,3.768266,-0.585087,-2.352899,0.017249,0.555681,0.323966
-0.000553,2.614892,-1.105400,-2.710549,0.160832,0.103043,-0.143443
-0.000871,-1.284845,-0.518528,-1.207684,0.118977,-0.038831,-0.602335
0.002327,-0.888517,0.250510,0.862542,-0.269646,0.024640,-0.287746
0.005961,3.258207,0.507790,2.920203,-0.585602,0.006546,0.294594
0.015546,3.875194,0.411202,2.068142,-0.417383,-0.115503,0.342076
0.042796,-0.372191,0.252699,-0.720521,-0.099272,-0.210764,0.017956
0.076205,-2.676966,0.252791,-1.322348,-0.078646,-0.214366,-0.037788
0.092877,0.016274,0.204858,0.222528,-0.273134,-0.069649,0.239049
0.096128,2.538336,0.093624,1.179171,-0.449408,0.205221,0.426417
0.095782,1.237727,0.355632,1.019373,-0.506878,0.363804,0.336777
0.084602,-1.066712,0.567171,0.190662,-0.374313,0.222803,0.104189
0.071214,-1.901414,0.072940,-1.090152,-0.180689,-0.024152,-0.175316
0.079225,-2.085129,-0.396276,-1.405393,-0.198654,-0.099098,-0.362446
0.106802,-1.120864,-0.277134,-0.087650,-0.322192,-0.017184,-0.228469
0.143024,1.346388,-0.376854,0.527106,-0.188322,-0.000285,-0.055881
0.185109,1.446049,-0.778107,-1.040826,0.107379,-0.165216,-0.454893
0.210568,-1.703005,-0.483452,-2.135115,0.151167,-0.334349,-1.074539
0.206568,-1.406945,0.251553,-0.800291,-0.015425,-0.244679,-0.894740
0.210915,4.081327,0.206897,0.261376,-0.049866,0.039132,0.012593
0.247462,6.871619,-0.425786,-0.767143,0.006544,0.227644,0.698102
0.282686,4.178997,-0.515739,-1.171207,-0.033610,0.246170,0.808146
0.292283,1.075433,-0.043069,0.111550,-0.024357,0.199068,0.357943
0.283371,-2.038163,0.513986,0.543462,0.133180,0.121148,-0.672424
0.254268,-6.708991,1.252719,0.084440,0.234827,0.013336,-1.568957
0.220364,-7.307723,1.471438,0.256495,0.190596,-0.145070,-1.392087
0.233542,-0.717419,0.018626,-0.235010,0.102179,-0.371865,-0.467101
0.305758,5.231621,-1.919107,-1.420749,0.046017,-0.473109,0.167531
0.377820,4.608871,-2.113051,-0.834855,0.110531,-0.207116,0.332207
0.409363,2.045043,-0.896076,0.577972,0.242914,0.287236,0.559967
0.429634,2.096431,0.198103,0.434677,0.189132,0.663253,1.048183
0.459566,2.769965,1.054226,0.115610,0.005836,0.806271,1.454234
0.458328,1.801316,1.578522,0.672610,0.040471,0.775664,1.366532
0.398233,-0.264175,1.109257,0.420712,0.191193,0.639885,0.777842
0.309200,-2.199896,0.396530,-0.025481,0.034206,0.475621,0.107609
0.209295,-2.942444,0.720070,1.413583,-0.352023,0.270814,-0.239619
0.104481,-2.127679,1.233805,2.756929,-0.496864,0.017697,-0.202667
0.055921,-0.268121,0.431032,1.013615,-0.275046,-0.123746,-0.131756
0.103373,0.849237,-0.713133,-1.682582,0.028972,-0.133237,-0.491479
0.173246,-1.130124,-0.437211,-1.727505,0.169109,-0.214825,-1.044802
0.194138,-3.752278,0.259539,-0.360233,0.104766,-0.292060,-0.897782
0.199587,-1.033042,-0.409412,-0.166635,-0.111820,-0.084116,0.071636
0.228621,4.979444,-1.176251,0.044445,-0.321657,0.306306,0.904524
0.251978,5.739503,-0.099853,1.153771,-0.272599,0.544504,0.974029
0.239704,0.508935,1.477539,1.045793,0.038181,0.539354,0.500563
0.207268,-4.015770,1.303699,-0.197536,0.307641,0.370706,-0.067208
0.190356,-4.062986,-0.260624,-0.678029,0.412354,0.146452,-0.262781
0.202644,-0.393651,-1.545631,-1.283779,0.403479,0.042635,0.131030
0.204343,3.449026,-1.486472,-1.744722,0.152527,0.121333,0.630937
0.149787,3.161014,0.036852,0.494833,-0.277078,0.176109,0.534746
0.074473,-1.203121,1.642385,2.960531,-0.444904,0.024242,-0.185877
0.055385,-5.065072,1.676770,1.592175,-0.236679,-0.194255,-0.889296
0.095389,-4.963310,0.453152,-0.968054,0.023829,-0.232257,-0.984516
0.133870,-1.354098,-0.707418,-1.557587,0.141680,-0.073530,-0.416848
0.143832,2.952504,-1.342844,-1.478777,0.049894,0.128744,0.417361
0.143297,5.385363,-1.261104,-0.539211,-0.219086,0.235009,0.949308
0.141515,4.476116,-0.254045,1.562413,-0.313212,0.170472,0.755448
0.136914,0.277113,0.931746,1.407589,-0.037547,0.032943,-0.007686
0.144567,-3.983842,1.180847,-1.153907,0.235611,0.036200,-0.650275
0.171913,-4.270764,0.468552,-1.597910,0.193928,0.180762,-0.654043
0.192380,-0.683916,-0.400275,0.503523,0.028513,0.271073,-0.051936
0.183715,3.573614,-0.980749,1.568846,0.009641,0.270085,0.729140
0.156459,5.250431,-1.184023,0.716682,0.130538,0.276596,1.068354
0.128186,2.297418,-0.606016,-0.275170,0.183547,0.264423,0.660060
0.109403,-2.645506,0.734583,-0.055009,0.021536,0.154772,0.009317
0.102639,-3.695089,1.441964,1.003573,-0.220400,0.016448,-0.159230
0.095361,-0.466273,0.604746,1.042830,-0.276774,-0.039465,0.038511
0.090479,1.261101,-0.332540,-0.315768,-0.096231,-0.072326,-0.162167
0.123718,-1.297056,0.002784,-0.861787,0.119291,-0.187908,-0.862043
0.192784,-3.672790,0.516038,0.288816,0.158646,-0.277496,-1.135835
0.226880,-0.333629,-0.023871,1.140248,0.012799,-0.167175,-0.415287
0.195837,6.274176,-0.749581,0.678620,-0.170371,0.062936,0.581269
0.165329,7.820605,-0.557400,0.381860,-0.274193,0.183688,0.937964
0.181721,2.778584,0.093152,0.785745,-0.225567,0.122647,0.626715
0.210676,-2.277611,0.435480,0.466253,0.023321,-0.009311,0.006055
0.229804,-4.170964,0.600582,-0.907717,0.325053,-0.074258,-0.640372
0.259583,-4.190581,0.628412,-2.017784,0.344963,-0.007386,-0.793958
0.293167,-1.325971,-0.030623,-1.680066,-0.022625,0.168426,-0.075330
0.297504,4.545488,-1.161785,0.362298,-0.360681,0.364780,0.966307
0.257806,8.066472,-1.560127,1.978706,-0.204231,0.453936,1.326337
0.179969,4.545448,-0.634092,0.435929,0.211141,0.356901,0.765124
0.104917,-2.911270,0.915957,-1.905236,0.263285,0.152009,-0.030057
0.089405,-6.458851,1.794707,-0.818521,-0.055005,-0.003190,-0.363058
0.115413,-3.264893,1.273032,1.449254,-0.262384,-0.061091,-0.165610
0.106007,1.303745,0.158597,0.908902,-0.253026,-0.078754,0.139877
0.059473,2.019259,-0.230554,-0.393398,-0.190785,-0.084905,0.044123
0.050107,-0.273916,-0.006413,-0.088492,-0.036335,-0.083477,-0.563908
0.098316,-2.782909,-0.071479,-0.254011,0.185721,-0.095958,-1.071469
0.151505,-3.586749,-0.393332,-1.557021,0.227805,-0.096905,-0.767848
0.173525,-1.074518,-0.439990,-1.471810,0.034378,-0.035065,0.128671
0.176358,3.047881,-0.185207,0.443487,-0.157521,0.042275,0.733704
0.187145,4.063170,0.145400,1.656317,-0.159105,0.048857,0.617248
0.217479,0.820068,0.413339,0.696313,0.031726,0.000165,0.020586
0.250794,-3.132543,0.477076,-1.069914,0.282838,-0.044003,-0.580442
0.262978,-4.179510,0.264843,-1.552328,0.322730,-0.036991,-0.648419
0.256930,-0.828120,-0.077542,-0.126238,0.028286,0.090535,0.022359
0.250896,4.508290,-0.435610,1.872450,-0.142510,0.316159,0.831248
0.235325,5.846233,-0.983342,1.522891,0.332729,0.450575,0.988346
0.178672,1.444573,-1.621188,-2.224065,1.102055,0.340577,0.590692
0.085862,-2.598630,-1.844605,-5.343150,1.430723,0.071473,0.402941
0.011963,-1.504631,-1.823514,-3.877141,1.251279,-0.074515,0.716377
-0.007449,1.420486,-1.801898,0.338598,0.880587,-0.006555,0.956047
0.001055,0.132617,-0.507451,3.530098,0.417308,-0.115162,0.456918
0.002327,-5.572824,2.655069,4.721803,-0.127784,-0.578302,-0.515814
-0.001597,-8.369538,5.090899,4.816686,-0.659467,-0.819269,-1.041115
-0.000416,-3.964229,4.551261,3.988332,-0.916801,-0.718046,-1.065626
0.001033,-0.043116,2.770018,0.639786,-0.669670,-1.140887,-1.420733
-0.000250,-2.510413,2.081497,-4.388652,-0.222175,-2.049442,-1.993135
-0.000461,-2.577919,1.815867,-5.997846,-0.011504,-2.131293,-1.784934
0.000347,5.165726,0.769153,-4.030760,0.163262,-1.146345,-0.887945
0.000134,10.099157,-0.620380,-4.559177,0.538363,-0.245925,-0.287300
-0.000282,6.397886,-2.038103,-6.183953,0.634350,0.050998,-0.112437
-0.000003,2.442125,-3.176970,-1.430831,0.085229,0.112179,0.110133
0.000263,1.965702,-2.171367,6.151065,-0.543249,0.146288,0.301164
-0.000100,0.206646,1.342432,5.985927,-0.629148,0.195818,0.192362
-0.000314,-2.216826,3.510969,0.189838,-0.452474,0.304432,0.004765
0.000351,-1.057134,1.515334,-0.854939,-0.464433,0.343529,0.048258
0.000280,1.619946,-1.439148,1.693722,-0.469536,0.263706,0.209782
-0.000836,1.539637,-1.232438,0.164731,-0.301100,0.231735,0.218057
0.000164,-0.234349,0.768411,-2.733982,-0.244093,0.294865,0.097665
0.001461,-0.630341,1.061980,-1.363451,-0.346789,0.350710,0.063283
-0.001565,0.223603,-0.037294,0.827937,-0.385320,0.381129,0.152223
-0.002101,0.749524,-0.166755,0.467953,-0.382143,0.390575,0.260237
0.007816,0.608596,0.516949,-0.068325,-0.375531,0.323229,0.341381
0.021098,0.176367,0.332032,-0.386974,-0.247965,0.174708,0.243600
0.030362,-0.729516,-0.538409,-1.130321,-0.091518,-0.021775,-0.280003
0.035852,-2.800426,-0.677782,-0.375183,-0.095975,-0.239345,-0.963963
0.040604,-4.439471,-0.094442,0.966460,-0.191544,-0.349230,-1.076333
0.060279,-2.155192,0.093544,0.258226,-0.204993,-0.205928,-0.495511
0.101869,2.627504,-0.243182,-0.918864,-0.062886,0.099959,0.175337
0.143926,4.501720,-0.324797,-1.100317,0.189603,0.308506,0.621967
0.181832,3.120185,-0.061750,-1.579111,0.345943,0.274250,0.755172
0.210810,1.061414,0.045450,-1.262610,0.288529,0.044383,0.131097
0.171683,-2.942990,0.312911,0.903882,0.192053,-0.233507,-1.168236
0.072036,-8.119036,1.368333,2.220524,0.108910,-0.398567,-1.855722
0.054965,-7.454648,2.080316,2.122026,-0.062975,-0.383670,-1.032415
0.170471,0.907530,0.488011,2.114843,0.002926,-0.256258,0.360729
0.287242,7.388384,-2.401289,-0.058825,0.554657,-0.031976,1.025979
0.334573,5.836369,-2.983245,-4.012493,0.898668,0.412113,1.244505
0.355707,3.430166,-0.405187,-3.100779,0.463890,0.976410,1.707031
0.334356,4.207281,2.257026,2.465696,-0.121991,1.204610,1.736544
0.238901,0.109127,2.918043,4.187015,-0.235686,0.906743,0.741003
0.133554,-8.399874,2.130051,0.957617,-0.149338,0.481546,-0.167327
0.067162,-8.154560,0.479461,-1.300930,-0.185863,0.270008,-0.071224
0.017195,-0.129209,-0.833714,-1.349681,-0.355881,0.126325,0.101369
0.004691,0.858392,0.177636,-0.478903,-0.577354,-0.120008,-0.559589
0.073128,-4.535484,2.142023,1.356650,-0.598415,-0.281757,-1.317244
0.167289,-3.508457,1.590438,2.187973,-0.347653,-0.130406,-1.055178
0.193054,3.910204,-1.008191,0.190901,-0.079607,0.176123,0.190442
0.146574,9.105311,-2.876538,-3.042084,0.158199,0.259908,1.382444
0.088415,9.146739,-3.065334,-4.781931,0.353015,0.068528,1.539598
0.060004,3.918104,-1.000583,-2.846664,0.201863,-0.113311,0.645181
0.075365,-4.080441,2.554756,2.121430,-0.238956,-0.180256,-0.430245
0.129434,-7.763338,3.756902,5.300486,-0.454158,-0.219884,-0.879835
0.186903,-4.718716,1.316666,3.595026,-0.329596,-0.128077,-0.518044
0.206871,0.765416,-1.047155,-0.021220,-0.153753,0.181750,0.302757
0.189146,5.218581,-1.230406,-1.694622,0.047208,0.437668,0.857562
0.168119,5.372806,-0.828847,-1.667572,0.352207,0.407243,0.627387
0.162022,-0.242815,-0.511798,-1.562297,0.498274,0.242579,-0.033031
0.156854,-5.064248,0.306328,-0.959022,0.211527,0.123215,-0.389557
0.145993,-3.357236,1.097199,0.696730,-0.260533,0.053479,-0.378058
0.149922,-0.265012,1.348640,2.010467,-0.368457,0.067034,-0.504979
0.171510,-1.270180,1.238576,1.571738,-0.008451,0.149428,-0.828994
0.176410,-2.404186,0.321017,-0.145049,0.275863,0.123864,-0.715572
0.154351,0.966250,-1.344233,-1.228430,0.042659,-0.025991,0.102589
0.141511,5.758470,-2.004483,-0.045109,-0.436137,-0.051998,0.865973
0.155518,6.615704,-0.839636,2.229165,-0.602376,0.117233,0.841989
0.173952,3.346787,0.537933,2.148985,-0.306895,0.239444,0.297164
0.172234,-0.529675,0.715318,-0.919290,0.176212,0.172887,-0.162614
0.134024,-2.551477,-0.042646,-3.573889,0.529716,0.050086,-0.288536
0.068578,-1.853889,-0.958613,-3.592678,0.560392,0.022240,-0.049660
0.027823,0.674958,-1.015751,-1.695463,0.235366,0.088254,0.302278
0.044510,1.542996,0.460886,1.148467,-0.186944,0.141848,0.301853
0.087534,-0.844222,2.034344,3.337154,-0.316415,0.101339,-0.063429
0.119511,-2.783735,1.639136,2.757129,-0.133488,0.013741,-0.299136
0.133984,-1.266183,-0.059021,0.228901,0.033484,-0.034901,-0.149807
0.134903,1.480798,-0.951124,-1.465838,0.046217,-0.054054,0.103734
0.138436,2.242962,-0.775883,-1.364415,0.028515,-0.065521,0.060750
0.154096,0.524544,-0.379477,-0.112114,0.129962,-0.043432,-0.326770
0.145337,-1.877336,0.103981,0.668176,0.396010,0.001588,-0.702287
0.083850,-2.325891,0.767146,-0.117638,0.467954,0.098531,-0.662363
0.016237,0.023810,1.147379,0.329575,-0.001964,0.340838,-0.085247
-0.005212,3.264830,0.070539,3.016927,-0.251498,0.578565,0.727281
0.001558,4.746325,-2.834809,0.966336,0.637064,0.423101,1.183148
0.001792,2.988558,-5.042289,-7.319128,1.717496,-0.168140,1.113361
-0.001758,-0.116762,-4.284717,-9.693373,1.543171,-0.723221,1.082418
-0.000083,-0.737329,-2.373894,-1.614953,0.542268,-0.912700,1.280361
0.000980,-0.353356,-0.430326,5.680613,-0.405248,-0.924742,0.997079
-0.000401,-3.831626,3.687636,7.874190,-1.363098,-0.932572,0.073769
-0.000358,-7.989710,8.015961,8.847585,-1.661186,-0.796980,-0.658703
0.000359,-6.456621,7.622186,3.231714,-0.414502,-0.622958,-1.044662
0.000083,-3.438591,4.996993,-9.180437,0.897404,-0.718403,-1.588128
-0.000231,-4.087373,5.117726,-11.167577,0.390556,-0.821041,-1.831042
-0.000046,-2.496306,4.779669,0.421136,-0.730818,-0.592737,-1.274440
0.000238,2.590948,0.961999,3.969108,-0.436308,-0.472544,-0.803341
0.000036,2.751802,-2.161098,-5.913861,0.581254,-0.635879,-0.834564
-0.000421,0.734093,-3.659091,-8.789172,0.806235,-0.367676,-0.414119
0.000193,4.291980,-5.825984,0.089653,0.542524,0.366890,0.384235
0.000631,5.148219,-4.444743,3.654964,0.415392,0.649411,0.473886
-0.000859,-2.005084,1.866841,-0.814372,0.135409,0.385764,0.196235
-0.000446,-4.186682,4.134081,-0.968456,-0.222463,0.305401,0.399041
0.001970,1.632465,-0.096785,3.183381,-0.243343,0.464168,0.517812
-0.000885,2.273507,-1.858322,3.652021,-0.219206,0.421963,0.079999
-0.002942,-2.159262,0.678467,1.649015,-0.431329,0.227045,-0.165914
0.004450,-1.095552,0.978301,0.910560,-0.577017,0.165369,0.124435
0.001632,2.602002,-0.752567,0.469289,-0.604517,0.180907,0.341301
-0.012449,1.220229,-0.338048,0.143180,-0.667781,0.054024,0.097699
0.017752,-2.389771,0.690352,0.296231,-0.519337,-0.227504,-0.497112
0.100074,-4.095125,0.214932,-0.499657,-0.050396,-0.440669,-1.101272
0.141686,-4.510922,-0.127741,-1.829317,0.324961,-0.332318,-1.089644
0.096943,-1.932875,-0.053561,-1.859869,0.283409,0.121627,-0.163630
0.041729,4.590204,-0.682227,-0.492507,-0.057042,0.593229,0.907439
0.040788,8.297498,-0.922981,1.436643,-0.277561,0.637803,0.930631
0.075405,2.670862,0.103011,2.164498,-0.015388,0.182246,-0.295649
0.109025,-7.180854,1.064861,0.377139,0.424776,-0.302553,-1.562833
0.120298,-8.854717,0.862713,-0.882355,0.328825,-0.327811,-1.486695
0.105730,0.592306,-0.558187,0.841416,-0.144883,-0.003329,-0.168234
0.096942,8.750755,-2.500193,0.771911,-0.054866,0.241085,0.998066
0.124124,5.792907,-2.926138,-3.684108,0.583617,0.383800,1.271703
0.165665,-1.048064,-0.602722,-4.899046,0.697820,0.606642,1.150592
0.178641,-2.371719,2.263844,0.967659,0.072308,0.680215,0.975839
0.153571,-1.657258,2.767270,5.182100,-0.399258,0.403398,0.529380
0.109860,-3.459498,1.430810,2.721139,-0.408344,0.111828,-0.042016
0.060692,-3.970961,0.483501,0.088543,-0.441476,0.047973,-0.280486
0.011910,-1.270609,0.067298,0.578279,-0.560888,0.030991,-0.163943
-0.007391,0.665403,-0.565959,0.193056,-0.402041,0.002833,-0.121639
0.039490,-0.068670,-0.819077,-1.635016,0.005787,0.008194,-0.509694
0.128661,-0.961331,-0.578804,-2.202474,0.285352,-0.094002,-1.018677
0.187882,0.964161,-0.878626,-1.479947,0.237430,-0.222779,-0.834713
0.200839,5.137017,-1.385399,-0.195319,-0.012295,-0.040584,0.137532
0.214012,6.875987,-0.872753,1.364474,-0.223878,0.374156,0.966981
0.232017,3.598332,0.232753,1.906553,-0.299998,0.572349,1.007727
0.213934,-1.137325,0.640291,0.887097,-0.241539,0.432784,0.532115
0.170778,-3.325256,0.153562,-0.882787,-0.012561,0.225330,0.045481
0.154068,-2.958118,-0.447622,-2.192937,0.232302,0.131793,-0.165737
0.161571,-1.357233,-0.340430,-1.347954,0.158572,0.086414,-0.073026
0.158789,0.115499,0.493062,1.174969,-0.153097,0.014511,0.025996
0.162039,-0.281523,1.091835,1.975677,-0.219852,-0.013205,-0.183369
0.198560,-1.914679,0.709392,0.400326,0.028618,0.067224,-0.519662
0.228692,-1.524903,-0.285902,-0.667108,0.176478,0.167609,-0.440746
0.206739,1.617557,-1.045405,-0.535834,0.057708,0.169027,0.168296
0.164762,4.025945,-1.037287,-0.255031,-0.122641,0.096972,0.675712
0.149120,3.135909,-0.255432,0.756630,-0.209269,0.088912,0.510002
0.149495,0.305469,0.610658,1.846115,-0.124044,0.161150,-0.097994
0.156318,-1.792404,0.650751,0.553033,0.131209,0.163798,-0.510492
0.180574,-1.097025,-0.058344,-1.475294,0.188242,0.148284,-0.300048
0.181371,2.353626,-0.714779,-0.056068,-0.234634,0.370604,0.488426
0.109525,4.053364,-1.293528,1.959884,-0.433019,0.682993,1.157425
0.017661,0.338411,-2.196812,-2.218401,0.503959,0.626415,1.041037
-0.012455,-3.631630,-3.030193,-9.244035,1.930489,0.245685,0.589500
0.001799,-1.519246,-2.936902,-8.435725,2.233216,0.001887,0.643133
0.004287,1.696498,-0.990058,0.933762,1.093201,-0.038116,0.859075
-0.002929,-1.945231,2.869142,8.789703,-0.417303,-0.252462,0.353079
-0.000806,-7.757543,5.769309,8.707762,-1.464561,-0.769312,-0.530445
0.001928,-5.940929,4.482589,2.594206,-1.686170,-1.137894,-0.754484
-0.000463,0.168985,1.190930,-4.919729,-0.801003,-0.987469,-0.482867
-0.000843,0.002392,0.820153,-9.398624,0.552631,-0.729878,-0.646757
0.000636,-4.085426,2.806948,-7.679422,0.872016,-0.850328,-1.048755
0.000205,-1.859239,2.438125,-1.473520,-0.048941,-0.956984,-0.868654
-0.000458,3.993444,-0.811675,2.080687,-0.605784,-0.617824,-0.462312
0.000029,3.497562,-2.773032,-1.561015,0.025890,-0.311727,-0.630088
0.000329,-0.766493,-1.558499,-7.171194,0.757603,-0.422126,-0.973659
-0.000112,-0.311502,-0.221493,-6.246914,0.724770,-0.465688,-0.793085
-0.000350,2.423554,-1.438491,0.716159,0.468962,-0.188911,-0.446011
0.000312,1.332517,-2.787430,5.125919,0.486863,-0.059947,-0.442848
0.000380,-1.155574,-1.120131,3.375330,0.410085,-0.219703,-0.508816
-0.000801,-1.063656,1.238079,0.987295,0.027768,-0.256494,-0.357418
-0.000055,0.131507,0.713097,1.549637,-0.233087,-0.052759,-0.158591
0.001500,0.944756,-0.914803,1.650195,-0.179956,0.159649,0.021404
-0.001170,1.691579,-0.578021,-0.128195,-0.172809,0.306138,0.258976
-0.001826,1.244928,0.559412,-0.656624,-0.357223,0.417738,0.396470
0.003991,-0.339756,0.614977,0.528788,-0.507739,0.463371,0.310460
-0.000034,-0.526584,0.327121,1.372289,-0.622031,0.460618,0.226199
-0.010133,0.461234,0.301215,1.360186,-0.790714,0.429540,0.315492
0.019080,-0.130042,0.026034,0.236934,-0.786582,0.296470,0.346053
0.098846,-1.952309,-0.079200,-1.530114,-0.498756,0.052260,0.071713
0.174802,-2.953522,0.466815,-1.623830,-0.207751,-0.164329,-0.369604
0.214600,-3.243581,0.670734,-0.245856,-0.028155,-0.209973,-0.675286
0.241219,-2.410638,-0.059606,-0.377241,0.186479,-0.020699,-0.607717
0.257448,1.188678,-0.742916,-1.497919,0.315712,0.323808,-0.043335
0.233408,5.402566,-0.764696,-0.539440,0.132168,0.526110,0.683806
0.184370,5.650821,-0.530888,1.597808,-0.174786,0.367680,0.871891
0.169051,1.977035,-0.082424,1.813505,-0.251941,0.076304,0.354001
0.198466,-1.887071,0.606290,0.169111,-0.047533,-0.014648,-0.310112
0.230159,-3.426609,0.678983,-1.358595,0.195836,0.065964,-0.530158
0.244583,-0.768518,-0.176539,-1.035278,0.104906,0.211457,-0.019964
0.246511,4.692036,-0.737979,1.670764,-0.325445,0.447097,0.869548
0.225575,5.125518,-0.363934,2.976719,-0.413854,0.593809,1.122835
0.180787,-1.974369,-0.004690,-0.857875,0.150321,0.429426,0.441561
0.140765,-6.537399,-0.085693,-4.925998,0.592888,0.149130,-0.174131
0.132019,-3.063965,-0.003134,-3.033904,0.404605,0.038641,-0.125196
0.147385,0.814487,0.339157,1.164312,0.035278,0.042642,0.084270
0.141566,0.704919,0.675232,2.344044,-0.262010,0.035872,0.141625
0.093235,0.101661,0.822556,1.944710,-0.529886,0.002113,0.073462
0.063986,-1.347568,0.588090,1.226698,-0.415963,-0.147302,-0.496975
0.095706,-5.317220,0.583824,-1.005940,0.145184,-0.419087,-1.568666
0.117215,-6.831031,1.038955,-3.057655,0.578203,-0.548507,-2.081984
0.083790,-1.849118,0.185376,-2.495575,0.586753,-0.387170,-1.226352
0.068033,5.459858,-2.193126,-0.056516,0.323948,-0.169916,0.428405
0.108559,8.553436,-2.705391,2.294469,-0.058707,-0.070772,1.636074
0.150615,5.227593,0.012424,3.255319,-0.345366,0.062856,1.636063
0.176670,-1.437076,2.531688,2.282484,-0.298985,0.251372,0.612825
0.225002,-6.084677,2.125534,-0.269683,0.056352,0.214043,-0.563944
0.284870,-5.491291,0.149698,-2.428932,0.339158,-0.043155,-1.055203
0.302453,0.151056,-1.006764,-1.214356,0.102080,-0.089141,-0.609103
0.287504,6.639167,-1.182174,1.591186,-0.273999,0.211040,0.332670
0.302960,7.252914,-1.922958,-0.988774,0.297429,0.497494,1.024914
0.317340,2.243482,-3.180167,-7.888695,1.652494,0.577116,1.261861
0.222972,0.035637,-2.586277,-7.939751,2.163095,0.622023,1.511495
0.056276,2.398373,0.117246,0.524732,1.367624,0.743866,1.910475
-0.024601,2.409903,1.691672,5.358889,0.652095,0.873895,1.986473
-0.002807,-0.919716,0.760514,1.421312,0.858856,0.892643,1.595596
0.011396,-2.264878,-0.397063,-2.894577,1.310435,0.696143,1.164554
-0.003937,-0.875149,-0.484682,-1.980323,1.318622,0.358116,1.001453
-0.003966,0.364046,-0.551315,-0.450647,1.175597,0.097303,1.063881
0.003928,0.807491,-1.121430,-2.548944,1.452612,-0.057725,1.220995
0.000278,1.129562,-1.720677,-4.577338,2.009153,-0.235955,1.392807
-0.002257,1.512472,-2.040054,-2.472108,2.248676,-0.377227,1.572442
0.000921,1.778439,-1.813438,0.713780,2.082416,-0.346878,1.748381
0.000791,1.318048,-0.985395,1.964829,1.733881,-0.241858,1.822175
-0.000880,0.308187,-0.358525,3.536459,1.072221,-0.211057,1.773990
-0.000012,0.306075,-0.713057,4.791215,0.205777,-0.234741,1.782566
0.000486,1.583674,-1.448289,2.059619,-0.217857,-0.287615,1.968226
-0.000226,2.236320,-1.388360,-1.843650,-0.094578,-0.396126,2.206840
-0.000157,1.454223,-0.516069,-1.931367,-0.009539,-0.509127,2.340011
0.000198,0.525219,0.416696,0.108276,-0.152066,-0.575602,2.346220
-0.000009,0.192607,1.187052,0.948145,-0.287563,-0.623720,2.266295
-0.000104,0.012277,1.857592,0.940643,-0.460594,-0.643226,2.154006
0.000054,-0.271676,2.367473,1.097639,-0.814990,-0.601317,2.055021
