pressure,accel_x,accel_y,accel_z,gyro_x,gyro_y,gyro_z,accel_power,gyro_energy
0.857666,-1.669814,-1.666950,-4.622586,0.424741,-0.110974,0.474626,5.189923,0.417990
0.852030,0.035663,0.295055,-2.478715,0.198415,0.492944,0.250090,2.496469,0.344907
0.845736,-0.648353,-0.809610,-2.942714,0.133276,0.761368,-0.182446,3.120160,0.630730
0.838133,-2.004375,-2.885799,-1.604305,0.159108,0.518606,-0.641698,3.862531,0.706044
0.831858,-1.309669,-2.840326,2.236687,0.100017,0.039391,-0.704381,3.845186,0.507708
0.835239,0.865597,-0.491420,2.730690,-0.193278,-0.245998,-0.257864,2.906445,0.164365
0.852995,1.975453,2.209941,-0.361703,-0.700521,-0.261191,0.213128,2.986148,0.604374
0.874963,1.004290,2.298294,-1.872781,-1.059365,-0.121871,0.203087,3.130186,1.178351
0.885756,-0.582669,-0.217411,-1.584028,-0.894398,0.112754,-0.044077,1.701739,0.814604
0.882898,-0.746838,-0.615355,-1.977432,-0.343286,0.281249,0.025721,2.201514,0.197608
0.875156,0.248440,2.083549,-1.583340,0.106884,0.209635,0.256095,2.628662,0.120956
0.870403,0.249011,1.965813,0.810462,0.185500,-0.019465,0.108616,2.140859,0.046587
0.871746,-0.845195,-2.140474,2.418126,0.011547,-0.260512,-0.235437,3.338161,0.123430
0.876976,-0.743767,-3.176468,1.882515,-0.137591,-0.531712,-0.098080,3.766564,0.311269
0.880524,0.855057,1.165102,1.195960,-0.130876,-0.781532,0.527294,1.875875,0.905960
0.880681,1.436157,3.952032,0.466211,-0.093536,-0.764449,0.886184,4.230657,1.378453
0.880342,-0.044217,0.864640,-1.642365,-0.170689,-0.350880,0.536359,1.856588,0.439932
0.880679,-1.547660,-3.342995,-3.157683,-0.284248,0.220894,-0.117890,4.851992,0.143489
0.881176,-1.306217,-3.203528,-1.622117,-0.314240,0.476935,-0.445682,3.821002,0.524846
0.882622,0.103473,-0.070117,1.353710,-0.373092,0.179069,-0.287571,1.359468,0.253960
0.885194,1.338816,1.933106,2.988277,-0.613147,-0.295342,0.049787,3.802516,0.465655
0.888574,1.468515,1.670400,2.532342,-0.887614,-0.378690,0.176258,3.370390,0.962332
0.894074,0.221438,0.089973,0.605503,-0.871299,-0.104790,-0.026469,0.650971,0.770843
0.900863,-1.157185,-1.163730,-1.100136,-0.414139,0.084868,-0.273940,1.975764,0.253757
0.903682,-1.184227,-0.177576,-1.313726,0.295413,0.102852,-0.212915,1.777583,0.143180
0.900217,-0.370919,1.902748,-0.867187,0.729834,0.048563,0.106313,2.123686,0.546318
0.896478,0.316989,1.592219,-0.075809,0.409610,-0.205296,0.312258,1.625235,0.307432
0.899237,0.822755,-1.011064,1.683858,-0.380805,-0.492464,0.193363,2.129449,0.424922
0.906231,0.592289,-2.423881,1.726361,-0.780534,-0.219028,-0.048381,3.034193,0.659547
0.909602,0.190500,-0.494324,-3.060093,-0.579824,0.713107,0.023821,3.105610,0.845285
0.906294,1.696715,3.653498,-8.703549,-0.397990,1.740830,0.481866,9.590550,3.421080
0.898761,3.206252,5.036243,-8.090344,-0.461825,2.319954,0.722791,10.054723,6.117896
0.889821,0.669300,0.094281,-1.126939,-0.381079,2.051382,0.294577,1.314094,4.440165
0.881307,-3.487100,-5.226317,5.364959,-0.117233,0.907216,-0.278235,8.261782,0.914199
0.870854,-4.442963,-2.511536,6.571418,0.016160,-0.419995,-0.177298,8.320533,0.208092
0.852441,-3.717527,4.577196,4.974309,0.062228,-1.282389,0.514947,7.714563,1.913564
0.828989,-3.740012,5.230371,4.181951,0.277430,-1.561219,0.889007,7.670279,3.304706
0.813215,-2.568283,-0.529157,1.680635,0.686941,-1.097470,0.473413,3.114582,1.900448
0.809327,-0.270307,-2.357283,-3.028479,1.079321,-0.125923,-0.133736,3.847276,1.198676
0.810333,0.057645,1.620918,-2.543932,1.110812,0.294646,-0.312329,3.017000,1.418269
0.813068,-0.982642,2.580019,3.652558,0.657546,-0.162150,-0.293665,4.578566,0.544898
0.818973,-0.604519,-1.041876,5.191239,0.136311,-0.495827,-0.390201,5.329157,0.416682
0.825921,0.532820,-1.931649,0.144671,-0.030105,-0.229925,-0.403793,2.009003,0.216821
0.831086,0.690108,0.738747,-2.481371,0.015427,-0.003136,-0.224720,2.679403,0.050747
0.834790,0.463777,1.682234,-0.358590,-0.002328,-0.111531,-0.086553,1.781456,0.019936
0.837307,0.456056,0.321763,0.946145,-0.039878,-0.152768,-0.123152,1.098503,0.040095
0.837994,0.220946,-0.390674,-0.263207,-0.021968,0.025276,-0.203311,0.520309,0.042457
0.837377,0.032650,0.177850,-1.175994,-0.016811,0.143031,-0.169422,1.189814,0.049444
0.836709,0.205715,0.712640,-0.389315,-0.034857,0.053949,-0.066629,0.837700,0.008565
0.836884,0.197703,0.439460,0.981205,-0.028871,-0.080668,-0.052183,1.093149,0.010064
0.837797,-0.015358,0.015379,1.183925,0.000294,-0.085141,-0.112846,1.184124,0.019983
0.837938,0.019281,0.200665,-0.048284,0.033407,-0.001667,-0.117947,0.207291,0.015030
0.837656,0.090925,0.366483,-0.830315,0.007206,0.017242,-0.081300,0.912140,0.006959
0.841108,0.000729,-0.072490,0.020444,-0.100390,-0.025496,-0.095540,0.075321,0.019856
0.848345,-0.077244,-0.317662,0.686157,-0.049271,0.007027,-0.132417,0.760057,0.020011
0.850874,-0.245199,0.309478,-0.421636,0.341634,0.075268,-0.067947,0.577647,0.126996
0.845261,-0.248606,1.338460,-1.288453,0.644488,-0.040415,0.167846,1.874404,0.445170
0.841775,0.466056,1.767316,0.192534,0.318389,-0.316344,0.429841,1.837847,0.386208
0.848459,1.148897,0.890672,1.929339,-0.369502,-0.397970,0.435207,2.415701,0.484317
0.859443,0.732633,-0.444228,1.092854,-0.744762,-0.136156,0.200709,1.388675,0.613493
0.867065,-0.081975,-0.532898,-0.933398,-0.709291,0.154716,0.057815,1.077929,0.530373
0.870966,-0.462863,-0.029101,-1.418148,-0.531511,0.208139,0.038095,1.492057,0.327277
0.872271,-0.844724,-0.695921,-0.811168,-0.239377,0.113394,-0.056827,1.362299,0.073389
0.871441,-0.908250,-1.052910,-0.424690,0.096926,-0.080148,-0.024299,1.453925,0.016409
0.870513,-0.121388,0.261943,0.072110,0.205316,-0.435462,0.287329,0.297572,0.314340
0.870661,0.159678,0.387335,0.359760,0.132040,-0.739533,0.436577,0.552225,0.754943
0.871735,-0.419233,-1.040355,-0.112256,0.126936,-0.714301,0.294222,1.127252,0.612905
0.874667,0.040036,0.020713,-0.250637,0.037695,-0.422996,0.309170,0.254658,0.275933
0.879414,0.958465,2.136119,-0.268967,-0.330073,-0.013903,0.338285,2.356693,0.223578
0.883405,0.014051,0.424233,-1.623779,-0.613522,0.426352,-0.086050,1.678341,0.565590
0.884669,-1.223044,-1.960506,-2.596116,-0.445077,0.644513,-0.491468,3.475520,0.855031
0.883038,-0.105841,0.211028,-1.043452,-0.084642,0.496059,-0.239373,1.069826,0.310538
0.879129,1.552363,3.274300,0.819417,0.064844,0.270451,0.239783,3.715147,0.134844
0.874891,1.086992,2.316505,0.707748,0.011542,0.225686,0.300661,2.654930,0.141464
0.872852,-0.547661,-0.549078,0.373952,-0.074751,0.208531,0.031447,0.860964,0.050062
0.874230,-1.491860,-2.429545,1.314139,-0.166326,0.066717,-0.259208,3.139315,0.099304
0.878765,-1.426786,-3.041449,1.786448,-0.259408,-0.073634,-0.401462,3.804935,0.233886
0.884020,-0.461236,-1.372944,0.659135,-0.262136,-0.142119,-0.234230,1.591280,0.143777
0.886131,0.753617,1.734703,-0.316239,-0.108272,-0.254562,0.132453,1.917587,0.094068
0.885009,0.901159,2.343942,0.110276,0.080851,-0.424520,0.323830,2.513625,0.291620
0.885031,0.113003,0.225361,0.708122,0.053101,-0.493218,0.240434,0.751661,0.303892
0.887946,-0.150631,-0.856035,0.186301,-0.230200,-0.315359,0.079584,0.888928,0.158777
0.891046,0.118292,-0.395723,-1.240893,-0.479772,0.092972,-0.064196,1.307825,0.242946
0.892969,-0.176681,-0.443388,-2.427141,-0.477766,0.470616,-0.192591,2.473625,0.486831
0.894643,-0.793383,-0.687944,-2.113931,-0.296990,0.515511,-0.255305,2.360387,0.419135
0.895599,-0.783159,-0.213245,-0.375230,-0.062996,0.246137,-0.211595,0.894209,0.109324
0.894680,-0.157554,0.366789,1.335107,0.109586,-0.098547,-0.070846,1.393509,0.026740
0.892895,0.551343,0.710986,2.173750,0.065751,-0.381008,0.103847,2.352588,0.160274
0.892687,0.866033,0.916039,2.108141,-0.135325,-0.508302,0.213175,2.456298,0.322127
0.895050,0.513809,0.663123,0.772821,-0.207879,-0.333200,0.212611,1.140607,0.199439
0.897778,0.016803,0.164506,-1.910105,-0.103564,0.129388,0.125132,1.917250,0.043125
0.897607,0.065479,0.119401,-4.128823,-0.055585,0.552788,0.000921,4.131068,0.308665
0.895067,0.094465,-0.001476,-2.766607,-0.106448,0.560224,-0.120834,2.768220,0.339783
0.894250,-0.758346,-1.483752,1.890562,-0.095087,0.185257,-0.265497,2.520086,0.113850
0.896328,-1.523266,-3.129577,4.278182,-0.037198,-0.136234,-0.373315,5.515200,0.159307
0.897801,-0.573873,-1.720210,1.744785,-0.054850,-0.225772,-0.218233,2.516491,0.101607
0.896884,1.267881,2.031045,-0.543591,-0.096469,-0.383469,0.181266,2.455231,0.189212
0.896070,1.630229,3.276614,0.591427,-0.058588,-0.634380,0.436142,3.707240,0.596090
0.896507,0.509037,1.169093,0.612085,0.018192,-0.476572,0.380422,1.414406,0.372173
0.896132,-0.053648,-0.264304,-2.905479,0.065704,0.193804,0.232389,2.917969,0.095882
0.894716,0.030550,-0.059652,-5.206532,0.114591,0.734884,0.067346,5.206963,0.557721
0.894165,-0.793273,-0.725784,-2.794952,0.167782,0.699920,-0.231340,2.994629,0.571557
0.894289,-1.957428,-2.235653,1.440698,0.113975,0.354657,-0.552288,3.302314,0.443794
0.894199,-1.556966,-2.417940,3.182025,-0.047746,0.075908,-0.610248,4.289040,0.380444
0.894431,0.121811,-0.795388,1.864230,-0.116433,-0.064980,-0.333814,2.030476,0.129211
0.893404,1.383617,1.116068,-0.356465,-0.075638,-0.050844,0.068075,1.813028,0.012940
0.888013,1.701964,1.577141,-1.817943,-0.198407,0.113779,0.330618,2.947706,0.161619
0.880507,1.250286,0.655632,-1.540924,-0.494796,0.187189,0.319900,2.089860,0.382199
0.877570,-0.029724,-0.250252,0.469409,-0.585076,0.002983,0.066732,0.532780,0.346776
0.880891,-1.556525,-1.114327,1.832403,-0.345632,-0.179861,-0.266485,2.649943,0.222826
0.885560,-1.897027,-1.828021,1.030201,-0.108404,-0.126664,-0.433061,2.828725,0.215337
0.888588,-0.522511,-0.576751,0.108889,-0.068455,-0.014883,-0.313495,0.785822,0.103187
0.891707,0.898217,1.596922,0.112827,0.000056,-0.017141,-0.108288,1.835670,0.012020
0.894998,0.573174,1.194206,-0.550192,0.266185,-0.056442,-0.038945,1.434353,0.075557
0.895637,-0.412011,-0.381023,-1.359287,0.457760,-0.122283,0.007831,1.470576,0.224559
0.894080,0.055312,0.381001,-0.438948,0.247156,-0.274602,0.172910,0.583863,0.166390
0.894391,1.174151,1.434590,1.127518,-0.217088,-0.388495,0.296788,2.169787,0.286139
0.897546,0.984939,0.345646,1.261185,-0.520502,-0.301029,0.248441,1.637121,0.423264
0.900029,0.139177,-0.388703,-0.233741,-0.510995,-0.011562,0.146485,0.474442,0.282707
0.899617,-0.035048,0.123962,-2.429445,-0.314527,0.409167,0.053098,2.432858,0.269164
0.898153,-0.313906,-0.444364,-3.064356,-0.107141,0.768689,-0.120740,3.112278,0.616940
0.897790,-1.329037,-1.626170,-0.279885,-0.032980,0.742073,-0.356689,2.118751,0.678987
0.898161,-1.781836,-1.652354,3.085024,-0.072375,0.333248,-0.481928,3.927160,0.348547
0.898538,-0.780049,-0.971042,3.052199,-0.068738,-0.031212,-0.364838,3.296562,0.138806
0.899376,0.598185,0.044668,1.480719,-0.023921,-0.194375,-0.069271,1.597607,0.043152
0.900524,0.931174,0.922588,1.734725,-0.044274,-0.424256,0.184122,2.174287,0.215854
0.900828,0.287316,0.382791,2.189825,-0.054599,-0.735421,0.279319,2.241520,0.621844
0.899802,-0.107266,-0.367788,1.151788,0.024642,-0.791554,0.305918,1.213833,0.720751
0.897792,0.195066,0.412459,0.303213,0.057491,-0.471646,0.284396,0.547824,0.306636
0.895609,0.223086,0.720492,-0.505283,-0.039348,0.008163,0.100189,0.907847,0.011653
0.894846,-0.471815,-0.875199,-2.376797,-0.151431,0.374358,-0.177391,2.576382,0.194543
0.896596,-0.823845,-1.851382,-2.576523,-0.221830,0.465953,-0.306533,3.277927,0.360283
0.899596,-0.309013,-0.937213,0.152651,-0.297476,0.315232,-0.248434,0.998579,0.249583
0.901376,0.096890,0.038769,1.736035,-0.333522,0.048973,-0.156862,1.739169,0.138241
0.900919,0.014027,0.290449,1.039430,-0.249743,-0.269714,-0.056712,1.079339,0.138333
0.898967,0.169691,0.547728,1.571189,-0.086258,-0.488167,0.101580,1.672554,0.256066
0.896943,0.432974,0.911121,2.291102,0.059475,-0.369553,0.195093,2.503349,0.178168
0.897121,0.187583,0.770780,0.188200,0.055244,-0.082601,0.102608,0.815297,0.020403
0.901501,-0.069346,-0.508272,-0.987085,-0.250698,-0.099531,-0.057278,1.112424,0.076037
0.907681,-0.038778,-2.110579,0.973571,-0.678772,-0.294724,-0.146810,2.324626,0.569147
0.909665,0.097960,-1.457162,-0.451616,-0.716483,-0.001202,-0.072353,1.528684,0.518584
0.905892,1.781608,2.358192,-6.793902,-0.331219,0.845992,0.445982,7.408934,1.024308
0.899704,5.062686,6.490254,-9.359454,-0.084407,1.653798,1.343874,12.464091,4.548170
0.890417,5.155866,6.467493,-5.264593,-0.057839,2.111404,1.673612,9.804456,7.262349
0.874906,-0.186551,0.312885,-0.333285,0.206430,2.063262,0.818298,0.493738,4.969275
0.856904,-5.451555,-6.531810,4.837786,0.563673,1.045727,-0.305580,9.787143,1.504651
0.842997,-6.740384,-4.904095,12.731482,0.466462,-0.820224,-0.542892,15.217541,1.185086
0.834133,-5.863983,3.219801,15.912972,0.175048,-2.188732,-0.121957,17.261984,4.836063
0.827872,-2.748377,4.358835,5.524643,0.404475,-1.930837,0.075612,7.554780,3.897449
0.820993,2.033601,-4.150556,-9.188138,1.019456,-0.735575,-0.121384,10.285161,1.595095
0.810785,2.692049,-8.382435,-10.321743,1.189101,-0.151183,-0.312488,13.566530,1.534466
0.801323,-0.810537,-2.191444,-0.175524,0.654447,-0.370173,-0.282429,2.343119,0.645095
0.801087,-0.864598,3.687146,3.234576,0.014565,-0.379093,-0.122802,4.980468,0.159004
0.810222,2.387649,2.621929,-2.246849,-0.199653,0.056002,0.019840,4.198060,0.043391
0.819544,2.116621,0.219457,-3.880540,-0.087781,0.303904,0.045261,4.425702,0.102112
0.823123,-0.744666,-0.026295,-0.122335,0.033906,0.253104,-0.074826,0.755106,0.070810
0.823678,-1.094477,-0.367820,1.359463,0.067657,0.227081,-0.226876,1.783623,0.107616
0.825003,0.222495,-0.813616,0.346427,0.032754,0.238480,-0.234334,0.911859,0.112858
0.826176,0.635759,0.118886,0.115686,-0.079965,0.197038,-0.091797,0.657044,0.053645
0.826202,0.552269,1.120209,0.259610,-0.208892,0.110441,0.002539,1.275644,0.055840
0.827455,0.174298,0.316463,0.422109,-0.214268,-0.036036,-0.071371,0.555612,0.052303
0.830262,-0.623692,-1.302500,0.518903,-0.085129,-0.131459,-0.163497,1.534522,0.051260
0.831200,-0.528349,-1.089263,-0.573172,0.019619,-0.039361,-0.087902,1.339467,0.009661
0.829351,0.563780,0.869977,-1.616958,0.018765,0.095496,0.054793,1.920745,0.012474
0.827736,0.720778,1.344978,-0.542738,-0.003685,0.081542,0.036933,1.619584,0.008027
0.828723,-0.298889,-0.382496,1.156637,-0.013594,-0.029262,-0.097916,1.254371,0.010629
0.832315,-0.636434,-1.250017,1.261386,-0.077464,-0.107689,-0.144728,1.886448,0.038544
0.837685,-0.038934,-0.388465,0.195756,-0.178018,-0.088391,-0.137897,0.436739,0.058519
0.844987,0.047618,-0.081873,-0.969330,-0.227006,-0.028309,-0.196575,0.973946,0.090975
0.854279,-0.316621,-0.644299,-1.162950,-0.209582,-0.142429,-0.168298,1.366683,0.092535
0.861713,-0.008941,-0.474377,0.501077,-0.138060,-0.464161,0.061894,0.690066,0.238337
0.862941,0.533316,0.338146,1.900500,-0.023986,-0.656965,0.253049,2.002665,0.496212
0.861366,0.370029,0.753796,0.309482,0.019859,-0.500458,0.232899,0.894935,0.305095
0.863430,0.034923,0.541997,-2.091541,-0.098051,-0.152697,0.115366,2.160908,0.046240
0.868096,0.098624,-0.233118,-1.776259,-0.249417,0.187812,-0.072787,1.794204,0.102780
0.871608,0.071264,-0.972956,-0.023368,-0.288030,0.404006,-0.317620,0.975842,0.347065
0.875293,-0.031400,-0.557953,0.589274,-0.288356,0.370144,-0.346303,0.812122,0.340082
0.879729,0.306821,0.785391,0.795435,-0.324083,0.106810,-0.087670,1.159179,0.124124
0.881954,0.426005,1.196018,1.388934,-0.275811,-0.169591,0.060138,1.881775,0.108449
0.882722,-0.293363,-0.048915,1.148683,-0.064948,-0.304553,-0.054137,1.186561,0.099902
0.884992,-0.507375,-0.539060,0.321766,0.199537,-0.339806,-0.011537,0.807186,0.155416
0.886452,0.625311,1.909526,0.293232,0.404324,-0.327730,0.370414,2.030588,0.408091
0.883669,1.320937,4.346256,-0.231695,0.499437,-0.145316,0.639095,4.548461,0.678996
0.878937,0.706814,2.396382,-2.783081,0.369960,0.330733,0.457142,3.740023,0.455234
0.876016,0.560000,-1.972065,-4.918296,-0.087030,0.890979,0.071423,5.328440,0.806519
0.874609,1.146874,-3.376171,-3.553064,-0.686343,1.079755,-0.153640,5.033698,1.660543
0.872614,0.501888,-1.450254,0.513001,-0.983942,0.672564,-0.137125,1.618116,1.439287
0.869447,-1.468820,-0.058393,4.054700,-0.745033,-0.054395,-0.062498,4.312938,0.561939
0.866258,-2.837512,-0.937722,4.579317,-0.221237,-0.553984,-0.179740,5.468175,0.388151
0.864892,-2.430508,-1.904050,2.034470,0.182385,-0.550005,-0.382770,3.697546,0.482283
0.865832,-0.510018,-0.482843,-0.880237,0.305376,-0.304351,-0.252870,1.126087,0.249827
0.867829,1.270770,1.793961,-1.552547,0.212741,-0.161096,0.143610,2.691385,0.091834
0.870560,1.120744,1.225219,-0.722767,0.051834,-0.094393,0.225621,1.810972,0.062502
0.874588,-0.344061,-1.751230,-0.585958,-0.041498,-0.036221,-0.069770,1.878439,0.007902
0.878583,-0.939309,-2.916597,-0.896883,-0.062875,-0.129984,-0.179308,3.192685,0.053000
0.880756,-0.212633,-0.995224,-0.337481,-0.082942,-0.328827,0.066005,1.072183,0.119363
0.881735,0.448009,0.941218,0.204686,-0.106666,-0.355786,0.253367,1.062309,0.202156
0.882759,0.267688,0.620925,-0.448500,-0.159246,-0.152788,0.161046,0.811392,0.074639
0.884060,-0.172867,-0.705776,-1.139519,-0.292416,0.127937,-0.041516,1.351483,0.103599
0.885782,-0.283769,-1.100464,-0.735864,-0.388965,0.346654,-0.193184,1.353899,0.308783
0.886485,-0.141058,-0.616043,-0.060769,-0.319339,0.366205,-0.207254,0.634901,0.279038
0.883447,0.319708,0.126101,0.063911,-0.242959,0.198997,-0.006358,0.349570,0.098669
0.877952,1.019572,1.046958,-0.050171,-0.317207,0.067792,0.244095,1.462247,0.164798
0.875153,0.655754,0.953557,0.153480,-0.350679,0.049016,0.184493,1.167408,0.159416
0.877310,-1.300775,-1.142605,0.918449,-0.195238,-0.006136,-0.186905,1.959875,0.073089
0.882246,-2.412600,-2.814820,1.685791,-0.075697,-0.122766,-0.425577,4.072560,0.201917
0.886870,-0.882530,-1.545407,1.241677,-0.113110,-0.171723,-0.306257,2.170001,0.136076
0.888977,0.910472,0.533160,-0.484324,-0.039229,-0.139094,-0.087128,1.160943,0.028477
0.888354,0.590464,0.613174,-1.699164,0.231301,-0.146101,0.014651,1.900471,0.075060
0.887284,-0.258809,-0.099925,-0.962799,0.303955,-0.247153,0.065383,1.001973,0.157748
0.888617,0.166536,0.153328,0.679423,-0.059144,-0.315140,0.098003,0.716142,0.112416
0.893347,0.789707,0.701336,0.858304,-0.513794,-0.179645,0.048928,1.360954,0.298651
0.899338,0.439368,0.582239,-0.789597,-0.621678,0.095940,-0.054662,1.074946,0.398676
0.902456,-0.373064,-0.319612,-1.845596,-0.327804,0.238659,-0.135430,1.909857,0.182755
0.900501,-0.857971,-1.115301,-0.798106,0.148914,0.124929,-0.118171,1.617709,0.051747
0.895194,-0.553394,-0.235865,0.599552,0.478781,-0.082172,0.068232,0.849317,0.240639
0.889965,0.492398,1.482769,0.517973,0.358678,-0.142530,0.307330,1.646012,0.243416
0.887860,1.180646,1.174318,-0.203180,-0.115392,0.033689,0.323969,1.677567,0.119406
0.890229,0.470123,-0.870493,-0.171039,-0.453480,0.259337,0.077836,1.004006,0.278958
0.894907,-0.950181,-1.682168,0.674002,-0.431710,0.230589,-0.167958,2.046170,0.267755
0.898143,-1.435754,-0.796252,1.742397,-0.319611,-0.026244,-0.233232,2.394025,0.157237
0.899393,-0.698144,-0.049124,1.916730,-0.284090,-0.161479,-0.197391,2.040508,0.145746
0.900787,-0.018746,-0.191834,0.553610,-0.179757,-0.115486,-0.170364,0.586205,0.074673
0.902799,0.039389,-0.404683,-0.367741,-0.052978,-0.203682,-0.102413,0.548227,0.054781
0.904187,0.330922,0.322656,0.999221,-0.153564,-0.432715,0.052604,1.100935,0.213591
0.904586,0.929553,1.477041,2.095789,-0.388548,-0.399515,0.137671,2.727279,0.329535
0.904598,0.721952,1.269516,0.265048,-0.443687,-0.021218,0.023356,1.484296,0.197854
0.904685,-0.198259,-0.181313,-1.794874,-0.326746,0.301527,-0.120585,1.814870,0.212222
0.904962,-0.588158,-0.793877,-1.189905,-0.204376,0.319433,-0.114996,1.546624,0.157031
0.905238,-0.350078,-0.326872,0.213501,-0.059491,0.158545,-0.083360,0.524388,0.035625
0.905334,-0.125600,-0.040672,0.748065,0.056901,-0.047286,-0.136813,0.759625,0.024191
0.905696,0.215807,0.353078,1.565009,-0.057957,-0.271735,-0.100061,1.618793,0.087211
0.906724,0.769528,1.245716,2.295584,-0.367477,-0.386266,0.084684,2.722809,0.291412
0.907494,0.843512,1.223521,1.063248,-0.559642,-0.194751,0.106527,1.827296,0.362475
0.907200,0.059069,-0.219323,-1.542507,-0.388116,0.236084,-0.131553,1.559141,0.223676
0.906608,-0.704472,-1.033662,-3.115615,0.100298,0.524408,-0.205312,3.357349,0.327216
0.904863,-0.104407,0.299576,-2.624907,0.476063,0.475496,0.099218,2.644009,0.462577
0.899114,1.624900,2.551363,-0.872099,0.294409,0.362103,0.426742,3.148064,0.399904
0.891169,2.210939,3.419895,1.016289,-0.214393,0.366444,0.484485,4.197234,0.414971
0.887143,0.068849,1.331086,2.307545,-0.382467,0.230998,0.240894,2.664825,0.257671
0.888094,-3.171358,-3.153735,2.515082,-0.120934,-0.110566,-0.255677,5.131198,0.092221
0.889937,-3.983808,-5.634205,2.025528,0.054027,-0.277748,-0.584572,7.191506,0.421787
0.891491,-1.312191,-2.395012,1.762731,-0.063721,-0.202454,-0.338114,3.250407,0.159369
0.893995,1.388014,2.122614,1.272352,-0.184243,-0.274585,0.039302,2.837420,0.110887
0.896446,0.968290,1.371511,0.083368,-0.137041,-0.514841,0.012192,1.680946,0.283990
0.897332,-0.607628,-1.832733,-0.088124,-0.081193,-0.505091,-0.067956,1.932845,0.266327
0.897327,-0.436248,-1.569056,1.060555,-0.148930,-0.167221,0.104833,1.943457,0.061133
0.898340,0.342785,0.199084,0.497351,-0.258394,0.197378,0.128852,0.635998,0.122328
0.900748,0.017627,-0.406224,-2.257989,-0.297220,0.462459,-0.133705,2.294307,0.320085
0.901821,-0.542436,-1.786119,-2.983337,-0.286879,0.559532,-0.305463,3.519198,0.488683
0.900595,-0.690084,-1.635100,0.645467,-0.319209,0.218211,-0.272763,1.888490,0.223910
0.900211,-0.625091,-0.351070,4.575723,-0.367641,-0.398432,-0.121039,4.631547,0.308558
0.897505,0.566553,1.466958,2.702390,-0.244823,-0.414837,0.275914,3.126637,0.308157
0.883614,2.990140,3.545510,-3.831149,0.055117,0.455754,0.957894,6.015753,1.128311
0.861130,4.398965,5.106721,-5.861483,0.159294,1.253136,1.640598,8.932328,4.287286
0.836191,3.496445,5.140788,-1.111064,-0.026714,1.444616,1.939372,6.315639,5.848793
0.799367,1.330436,2.925814,0.559206,0.141184,1.686388,1.619543,3.262385,5.486757
0.749208,-1.381018,-1.245783,-2.583267,0.987214,1.907626,0.774781,3.183152,5.213914
0.714011,-4.448469,-5.359819,1.179321,1.644211,1.020658,-0.155670,7.064512,3.769406
0.712591,-6.448878,-5.137704,11.286180,1.295205,-0.702610,-0.600256,13.977192,2.531524
0.724961,-5.941426,1.505070,13.067306,0.424789,-1.740130,-0.312237,14.433304,3.305990
0.731521,-3.350822,6.384445,5.484759,-0.062827,-1.742511,0.194296,9.059345,3.078043
0.740369,-0.298549,0.194005,-1.328232,0.006779,-1.337676,0.188841,1.375125,1.825084
0.755468,1.513046,-8.374987,-5.893392,0.294702,-0.734614,-0.226752,10.351898,0.677923
0.763811,1.076151,-5.399839,-7.213646,0.463033,-0.244794,-0.449352,9.074858,0.476241
0.765596,-0.462765,2.431373,-1.298679,0.374915,-0.300366,-0.384123,2.795048,0.378331
0.773444,-0.610070,2.422824,3.994453,0.186743,-0.450934,-0.264036,4.711466,0.307929
0.784436,0.812637,-0.817359,0.211905,0.089723,-0.152681,-0.148733,1.171904,0.053483
0.790596,1.548097,0.050258,-4.137659,0.027142,0.165725,-0.105883,4.418071,0.039413
0.799242,0.735504,0.918191,-1.400705,-0.088876,0.120005,-0.240404,1.829212,0.080094
0.815293,-0.363623,-0.907278,1.270084,-0.178632,0.073521,-0.441291,1.602650,0.232052
0.829903,-0.565999,-1.337560,-0.354803,-0.212208,0.163146,-0.469564,1.495094,0.292139
0.839136,0.231551,0.551197,-0.426842,-0.264747,0.089032,-0.275022,0.734594,0.153655
0.846692,0.835312,1.355878,1.462751,-0.211827,-0.008667,-0.095090,2.162358,0.053988
0.850764,0.143201,0.232502,-0.392165,0.172677,0.157141,-0.095976,0.477867,0.063722
0.849426,-0.609140,-0.229666,-3.310398,0.627436,0.141772,-0.042035,3.373801,0.415542
0.847339,-0.007527,0.833259,-0.644156,0.548493,-0.469406,0.236648,1.053240,0.577189
0.846547,0.373297,0.677347,3.304840,-0.006475,-1.078777,0.378254,3.394130,1.306878
0.844875,-0.576437,-1.303894,1.541070,-0.279090,-1.109571,0.170765,2.099361,1.338200
0.843758,-0.475965,-0.951992,-1.514056,0.000400,-0.892454,0.050963,1.850729,0.799072
0.845474,1.358996,2.352975,-0.910853,0.352704,-0.622038,0.189517,2.865836,0.547248
0.848226,1.545007,2.747023,-0.698885,0.478786,-0.027597,0.098651,3.228254,0.239730
0.851027,-0.503829,-0.902869,-1.955485,0.390699,0.605266,-0.255790,2.211999,0.584421
0.856236,-0.918332,-2.190871,-0.710214,-0.084153,0.735038,-0.308884,2.479446,0.642772
0.865019,0.678792,0.043245,1.267595,-0.852069,0.524674,-0.137483,1.438550,1.020206
0.874810,0.457056,0.168955,0.579325,-1.158875,0.371218,-0.255782,0.757010,1.546219
0.879951,-0.984733,-1.402286,-0.945692,-0.628813,0.318367,-0.327693,1.957151,0.604146
0.875214,0.563030,0.731886,-1.945424,0.018957,0.333833,0.212855,2.153447,0.157111
0.862749,3.279922,4.397911,-2.392636,0.058384,0.329701,0.804603,5.985333,0.759497
0.852402,1.686079,2.975535,-0.397164,-0.256622,0.121578,0.601604,3.443023,0.442563
0.851101,-2.765480,-2.436830,2.656022,-0.333565,-0.171467,-0.134436,4.543179,0.158740
0.856117,-4.181445,-5.205936,2.396860,-0.128844,-0.246602,-0.620210,7.094448,0.462074
0.861409,-1.840095,-3.087194,0.094307,-0.011831,-0.168774,-0.621969,3.595220,0.415470
0.865498,0.676092,0.398196,-0.148048,-0.128962,-0.164795,-0.370721,0.798485,0.181223
0.869814,1.336132,1.424150,0.143228,-0.177609,-0.151075,-0.144073,1.958052,0.075126
0.873075,0.574898,0.276511,-1.512880,0.091682,-0.054441,-0.064633,1.641881,0.015547
0.872618,-0.187708,-0.149306,-2.379885,0.373434,-0.117039,-0.022564,2.391940,0.153660
0.870593,-0.040104,0.591052,-0.609301,0.250721,-0.364231,0.075442,0.849823,0.201217
0.872199,0.558224,0.790738,0.721376,-0.126493,-0.378640,0.115272,1.207172,0.172656
0.877412,0.779594,0.438395,-0.274915,-0.344767,-0.025621,0.031795,0.935700,0.120532
0.881769,0.383462,0.127682,-1.589370,-0.321434,0.281888,-0.067554,1.639952,0.187344
0.883447,-0.374174,-0.711847,-1.676676,-0.145730,0.290117,-0.125417,1.859563,0.121135
0.882602,-0.845152,-1.417785,-0.913373,0.143845,0.147960,-0.137145,1.886438,0.061392
0.879144,-0.536537,-0.333825,0.193497,0.316246,-0.032410,-0.023329,0.660872,0.101606
0.875737,0.355692,1.527547,0.560613,0.088994,-0.154301,0.200859,1.665594,0.072073
0.875693,1.216502,1.668786,-0.960148,-0.336997,-0.011499,0.338980,2.277413,0.228607
0.877661,1.084599,0.183980,-2.489137,-0.469422,0.273757,0.258305,2.721398,0.362021
0.878864,-0.652097,-1.291985,-1.109607,-0.246319,0.281098,0.007965,1.823646,0.139753
0.879757,-2.454616,-2.079336,1.544103,-0.045888,0.014966,-0.251960,3.568337,0.065814
0.881329,-1.876729,-1.500281,1.691818,-0.062951,-0.122314,-0.334932,2.938572,0.131103
0.883320,0.355924,0.299149,0.010243,-0.154286,-0.084840,-0.246407,0.465056,0.091718
0.886539,1.219014,0.953886,-0.336044,-0.240546,-0.191018,-0.187119,1.583925,0.129364
0.891188,0.480962,-0.044032,0.388291,-0.376164,-0.421912,-0.159370,0.619704,0.344908
0.893751,0.249753,0.066936,-0.268124,-0.434767,-0.379579,0.005876,0.372488,0.333137
0.891622,0.612113,1.446903,-2.186827,-0.212032,-0.015599,0.208040,2.692661,0.088482
0.887607,0.337451,1.331074,-2.945463,0.206398,0.234221,0.228333,3.249828,0.149596
0.883345,-0.406272,-0.149256,-1.585042,0.553214,0.166841,0.113434,1.643074,0.346749
0.875567,-0.992071,-1.003767,0.427964,0.631664,0.008402,-0.023057,1.474756,0.399602
0.866441,-1.044710,-1.183283,1.606020,0.294672,-0.102253,-0.163024,2.251861,0.123864
0.865895,-0.143879,-1.038811,1.774353,-0.375164,-0.142779,-0.247184,2.061106,0.222234
0.876275,0.641152,-0.880700,0.690997,-0.850786,0.054782,-0.320301,1.290033,0.829431
0.887362,-0.110643,-1.458573,-2.152289,-0.669056,0.462842,-0.469504,2.602311,0.882293
0.889362,-0.514316,-0.780167,-4.588422,-0.104142,0.663259,-0.328615,4.682606,0.558746
0.880746,1.902238,3.815337,-2.741735,0.183179,0.504052,0.543371,5.068769,0.582875
0.866980,4.599753,8.276550,1.333298,0.097275,0.441132,1.584333,9.562253,2.714171
0.856068,3.011417,5.132271,0.829488,0.139937,0.700099,1.603372,6.008069,3.080523
0.849505,-2.376077,-4.384282,-1.863223,0.531426,0.591266,0.489209,5.323464,0.871335
0.842733,-6.347085,-9.561458,2.525012,0.973996,-0.457543,-0.505050,11.750858,1.413089
0.836290,-5.312607,-4.561825,8.876489,1.201143,-1.532662,-0.503875,11.306020,4.045687
0.831175,-1.190433,2.319406,3.504960,1.071651,-1.347843,-0.102645,4.368240,2.975653
0.819727,1.472318,0.789916,-7.099883,0.508504,-0.388452,-0.217996,7.293835,0.456994
0.801161,1.484208,-4.134044,-6.135247,-0.072939,-0.023365,-0.580400,7.545492,0.342730
0.790648,1.196907,-0.869353,1.357654,-0.062100,-0.191162,-0.302799,2.007881,0.132087
0.796061,1.102663,5.667405,1.054256,0.349428,-0.071528,0.414712,5.869140,0.299202
0.806018,-0.418277,1.754442,-2.685838,0.499987,0.138831,0.516863,3.235235,0.536408
0.809827,-2.455114,-7.863655,-0.694260,0.373836,-0.040093,-0.079314,8.267203,0.147652
0.809485,-2.428533,-7.867454,2.104820,0.334994,-0.240266,-0.444845,8.498522,0.367836
0.809277,-0.353376,-0.024611,0.140545,0.339161,-0.066991,-0.227877,0.381095,0.171446
0.809074,1.720950,3.830714,-2.052560,0.225129,0.148973,0.118833,4.674296,0.086997
0.809197,2.272676,2.736857,-0.621271,0.103560,0.059149,0.247120,3.611291,0.075292
0.811682,0.900033,0.921888,1.380756,0.042376,-0.120174,0.099842,1.888498,0.026206
0.816027,-1.151519,-1.474068,0.971911,-0.040401,-0.091906,-0.240249,2.107957,0.067799
0.820671,-1.630718,-2.860440,-0.457245,-0.113401,0.025233,-0.461952,3.324219,0.226896
0.826866,-0.136264,-0.700998,-0.805868,-0.115610,-0.000062,-0.295740,1.076749,0.100828
0.835422,1.183615,2.042740,-0.428519,-0.144814,-0.062809,0.030267,2.399450,0.025832
0.844099,0.582482,1.000997,-0.585645,-0.230087,0.032481,0.041972,1.297791,0.055757
0.851069,-0.995772,-2.223901,-1.121690,-0.220037,0.096492,-0.234305,2.682440,0.112626
0.855508,-1.312161,-2.702539,-0.815756,-0.141212,-0.157191,-0.287081,3.113028,0.127065
0.856228,-0.045711,-0.014443,0.436462,-0.200843,-0.527322,0.009151,0.439087,0.318490
0.853767,0.869425,1.675284,0.958580,-0.262092,-0.616645,0.229335,2.116920,0.501538
0.850425,0.449730,0.984920,-0.175305,0.045408,-0.438700,0.206328,1.096839,0.237091
0.848392,-0.160817,0.402995,-1.409349,0.601795,-0.195114,0.190702,1.474629,0.436594
0.849168,-0.024636,0.587234,-1.382387,0.891531,0.136696,0.249563,1.502147,0.875795
0.849928,0.513647,0.378427,-1.328935,0.752348,0.580493,0.225469,1.474147,0.953836
0.844550,0.577860,-0.082305,-2.093250,0.377263,0.903150,0.080477,2.173106,0.964484
0.836005,-0.420089,-0.814778,-1.265976,-0.141473,0.820682,-0.116687,1.563021,0.707149
0.837165,-1.504253,-2.159594,2.291426,-0.690047,0.358183,-0.281136,3.489593,0.683497
0.850723,-1.144366,-2.687364,4.136998,-0.898879,-0.078473,-0.338832,5.064213,0.928949
0.862290,-0.138316,-1.248743,1.046809,-0.514854,-0.142002,-0.292300,1.635329,0.370678
0.860580,0.158912,0.805099,-2.509986,0.126281,0.061128,-0.136284,2.640732,0.038257
0.850748,0.897974,1.813510,-2.415598,0.340947,0.275599,0.147473,3.151236,0.213948
0.842646,2.455039,1.560150,-1.481849,-0.062419,0.435129,0.381436,3.264531,0.338727
0.838012,2.093639,0.408792,-1.215242,-0.499545,0.414223,0.314513,2.455045,0.520044
0.834717,-1.015009,-1.183052,1.292395,-0.455206,0.049843,-0.029436,2.024880,0.210563
0.834334,-3.407977,-2.380586,4.363675,-0.159750,-0.387453,-0.397036,6.026870,0.333277
0.838894,-2.425727,-2.018567,3.014140,-0.053024,-0.448459,-0.524829,4.363921,0.479372
0.846018,0.499506,0.367760,-0.951394,-0.124692,-0.217300,-0.298586,1.135739,0.151921
0.852253,2.306668,2.725481,-2.122063,-0.152517,-0.111440,0.039734,4.153567,0.037259
0.856639,1.701694,2.088544,-0.566381,-0.115518,-0.236297,0.128461,2.752920,0.085683
0.859167,0.189519,-0.400695,0.776180,-0.104714,-0.423097,0.038159,0.893828,0.191432
0.860315,-0.151579,-0.794219,1.097335,-0.145290,-0.495529,0.068694,1.363050,0.271377
0.861521,0.443857,0.686720,0.059445,-0.227528,-0.294432,0.166388,0.819834,0.166144
0.863090,0.402680,0.626102,-2.025452,-0.304592,0.127480,0.113045,2.157918,0.121807
0.863994,-0.404927,-0.918009,-2.809836,-0.258489,0.413143,-0.057101,2.983603,0.240764
0.863987,-0.917256,-1.394062,-1.463366,-0.064288,0.337760,-0.203441,2.219506,0.159603
0.863276,-0.609416,-0.513434,0.233692,0.067586,0.048028,-0.241208,0.830430,0.065056
0.862213,0.328182,0.689972,1.496474,-0.043373,-0.246034,-0.092414,1.680238,0.070954
0.862262,1.388470,1.941614,2.046957,-0.233819,-0.378821,0.179904,3.144479,0.230542
0.863842,1.793522,2.517492,0.659415,-0.245898,-0.181590,0.348082,3.160588,0.214602
0.864803,0.950224,1.322731,-1.559706,-0.124033,0.208329,0.297962,2.255045,0.147567
0.864452,-0.748601,-1.045679,-1.480880,-0.055452,0.359921,0.088341,1.961340,0.140422
0.865105,-1.949421,-2.602876,0.675641,-0.061407,0.168851,-0.183181,3.321400,0.065837
0.867276,-1.670073,-2.248077,1.758606,-0.074036,-0.058446,-0.364259,3.306915,0.141582
0.868792,-0.445110,-0.710596,1.103309,-0.069521,-0.186759,-0.337113,1.385771,0.153357
0.869478,0.530345,0.607969,0.769653,-0.055873,-0.314784,-0.170865,1.115015,0.131406
0.871159,0.957063,1.365651,1.089473,-0.077464,-0.373029,0.017123,1.991965,0.145445
0.873912,0.973339,1.704752,0.188860,-0.154636,-0.206079,0.150341,1.972115,0.088983
0.876703,0.220703,0.706895,-1.777220,-0.221472,0.100893,0.110327,1.925337,0.071401
0.879529,-0.910401,-1.353876,-2.314276,-0.234094,0.326962,-0.079860,2.831551,0.168082
0.882094,-1.007824,-1.684187,-1.103756,-0.216095,0.360865,-0.186776,2.251771,0.211806
0.882997,-0.192702,-0.064761,-0.014370,-0.171815,0.196507,-0.170497,0.203800,0.097205
0.882092,-0.018394,0.190434,0.672293,-0.112363,-0.091281,-0.199693,0.698986,0.060835
0.881504,-0.209199,-0.594093,1.394915,-0.084464,-0.314691,-0.187699,1.530522,0.141396
0.882735,0.597823,0.968407,1.095171,-0.099844,-0.305513,0.025823,1.579432,0.103974
0.884721,1.437656,3.072998,-0.538206,-0.149570,-0.083545,0.194577,3.435089,0.067211
0.886262,0.629868,1.575455,-1.689414,-0.205518,0.199289,0.053496,2.394350,0.084816
0.887307,-0.776015,-1.431138,-1.298936,-0.182188,0.368941,-0.197794,2.082688,0.208432
0.886939,-0.920754,-1.721307,-0.105405,-0.091698,0.231916,-0.279171,1.954941,0.140130
0.884843,-0.118071,-0.096094,1.316160,-0.058399,-0.206163,-0.142973,1.324935,0.066355
0.883539,0.631091,1.354112,1.568116,-0.024045,-0.447968,0.199359,2.165845,0.240998
0.883222,1.273946,2.542726,-1.709821,0.126395,-0.023883,0.571107,3.318416,0.342709
0.879223,1.557400,2.378521,-6.045175,0.192635,0.643543,0.634821,6.680344,0.854254
0.870621,0.804233,0.137096,-5.023055,0.002465,0.728742,0.385620,5.088877,0.679774
0.863670,-0.817537,-1.899105,0.791992,-0.201073,0.260041,0.081545,2.214095,0.114701
0.862236,-2.372400,-2.672662,3.965409,-0.217385,-0.080451,-0.267987,5.338153,0.125546
0.863710,-2.885595,-3.507931,2.422104,-0.183680,-0.134694,-0.625784,5.147701,0.443486
0.865972,-1.561868,-2.902006,0.628282,-0.178740,-0.264484,-0.594732,3.354968,0.455606
0.869293,0.897095,0.838924,0.427936,-0.106415,-0.508169,-0.109013,1.300655,0.281444
0.872059,1.761290,3.100855,-0.024813,0.034081,-0.625415,0.196626,3.566239,0.430967
0.872317,-0.010961,0.005258,-0.763462,0.146269,-0.648327,-0.027282,0.763559,0.442467
0.871216,-1.374413,-2.865633,-0.428756,0.189903,-0.647427,-0.229465,3.206976,0.507879
0.870877,-0.156432,-0.147024,-0.464224,0.180455,-0.371871,0.034830,0.511460,0.172065
0.872872,1.102880,2.956316,-2.731140,0.119038,0.253117,0.288680,4.173161,0.161574
0.878454,0.153199,0.782249,-4.401115,-0.020282,0.790372,0.047304,4.472717,0.627337
0.885911,-0.989090,-2.477128,-1.981328,-0.212746,0.875728,-0.302176,3.322668,0.903471
0.891048,-0.521204,-1.770078,1.982441,-0.344451,0.615389,-0.293022,2.708302,0.583212
0.892378,-0.016661,0.054467,2.983206,-0.319470,0.260673,-0.178252,2.983750,0.201785
0.891541,-0.624309,-0.659972,1.545629,-0.159755,-0.083637,-0.256907,1.792845,0.098518
0.889586,-0.842756,-1.579070,0.770321,0.014800,-0.400899,-0.234973,1.948613,0.216151
0.886622,0.383743,0.639360,1.028053,0.106295,-0.567436,0.163800,1.270013,0.360113
0.883427,1.720019,4.116795,0.291441,0.155943,-0.321762,0.595947,4.471175,0.483002
0.881171,1.399956,3.742705,-2.767790,0.201817,0.346450,0.567313,4.860903,0.482602
0.879739,-0.470194,-1.318277,-6.201575,0.072423,0.934814,0.121605,6.357552,0.893910
0.877545,-1.850639,-4.740017,-5.383296,-0.330319,0.939652,-0.250337,7.407598,1.054725
0.874227,-1.185161,-1.671930,0.624228,-0.696584,0.456036,-0.234097,2.142339,0.748000
0.871930,0.211923,2.799024,5.462708,-0.704108,-0.010698,-0.051243,6.141712,0.498508
0.872460,0.061671,1.522037,3.723185,-0.482267,-0.138693,-0.110760,4.022749,0.264085
0.875275,-0.924336,-2.509138,-0.807159,-0.301288,-0.037677,-0.359779,2.793148,0.221635
0.878808,-0.374888,-1.890059,-1.618829,-0.160476,0.002126,-0.359680,2.516639,0.155127
0.881401,1.189129,2.105745,0.428857,0.047437,-0.102121,-0.055082,2.456035,0.015713
0.881549,1.296120,2.875109,0.640843,0.287475,-0.196644,0.129169,3.218207,0.137995
0.879753,-0.018540,0.085551,-0.806066,0.425262,-0.169472,0.029565,0.810805,0.210443
0.879504,-0.661235,-1.530303,-0.942464,0.344464,-0.069890,-0.088139,1.915019,0.131309
0.883519,-0.172254,-0.682822,-0.057141,0.065668,-0.021951,-0.092999,0.706528,0.013443
0.889150,0.262401,0.312668,0.191187,-0.212447,-0.091595,-0.077224,0.450742,0.059487
0.891699,0.209352,0.418971,0.077678,-0.327406,-0.166868,-0.038142,0.474762,0.136494
0.892154,-0.022743,0.098436,0.047553,-0.321367,-0.105696,-0.001331,0.111661,0.114450
0.894252,-0.337878,-0.465876,-0.100701,-0.252485,-0.026580,-0.089512,0.584245,0.072468
0.895391,-0.259744,-0.351305,-0.021025,-0.060942,-0.115566,-0.139691,0.437406,0.036583
0.892251,0.664674,1.720617,0.295293,0.201624,-0.240365,0.138872,1.868024,0.117713
0.889636,1.504776,4.308423,0.306877,0.312944,-0.195961,0.567439,4.573952,0.458322
0.888846,1.464839,4.529140,-0.145343,0.321787,-0.000485,0.824923,4.762351,0.784045
0.880885,1.740515,3.039198,-2.086401,0.638917,0.434936,1.123410,4.076664,1.859434
0.864126,3.326404,3.290206,-5.910173,1.229940,1.215757,1.717381,7.537942,5.940215
0.846179,4.524854,5.133529,-7.268797,1.356918,1.827249,2.129628,9.983127,9.715381
0.824555,2.504370,3.571054,-2.273370,0.757598,1.596896,1.648590,4.918588,5.841881
0.794172,-2.709955,-3.218702,4.322209,0.118156,0.737487,0.332513,6.032030,0.668413
0.767244,-6.589369,-8.458991,6.199294,-0.163335,-0.059993,-0.941670,12.385700,0.917020
0.758993,-5.204475,-5.140773,5.262591,-0.358503,-0.623338,-1.287094,9.011602,2.173686
0.765932,-1.242825,3.228017,4.673331,-0.424731,-1.059311,-0.641261,5.814184,1.713752
0.775850,0.225342,6.413428,2.132922,-0.125172,-1.163176,0.070269,6.762558,1.373584
0.785127,-0.468804,0.290040,-2.839105,0.258998,-0.722750,-0.040862,2.892130,0.591117
0.794219,-0.300559,-7.716969,-5.868334,0.472738,-0.025610,-0.627634,9.699448,0.618062
0.799485,0.410704,-7.621213,-4.139369,0.619917,0.312988,-0.719939,8.682508,1.000571
0.801055,0.380640,-0.644350,0.797717,0.552979,0.078592,-0.300553,1.093813,0.402295
0.806126,0.544675,3.092909,3.837303,0.166511,-0.179639,-0.103236,4.958594,0.070654
0.815549,1.232134,0.836528,0.914775,-0.061919,0.048459,-0.235090,1.747783,0.061450
0.821931,1.151891,-0.848560,-3.402434,0.096768,0.377418,-0.226404,3.690998,0.203067
0.823364,0.251456,0.400007,-1.762664,0.175542,0.230022,-0.054352,1.824889,0.086679
0.824063,-0.522235,0.404055,2.715073,-0.025673,-0.145128,-0.112234,2.794210,0.034318
0.826668,-1.145440,-1.928641,2.558835,-0.172690,-0.225744,-0.407038,3.402841,0.246462
0.833003,-1.426277,-2.921257,-0.495664,-0.168321,-0.091455,-0.525584,3.288418,0.312935
0.842583,-0.585994,-0.968095,-0.988965,-0.186089,-0.052079,-0.322405,1.502880,0.141286
0.849998,0.692869,1.303862,0.237827,-0.149004,-0.091139,-0.070606,1.495555,0.035494
0.852152,0.778820,1.627183,0.023629,0.121945,-0.097023,0.042473,1.804118,0.026088
0.851860,-0.104604,0.842512,-1.059031,0.452522,-0.146497,0.091257,1.357319,0.234565
0.852369,-0.214108,0.511842,-0.567832,0.421979,-0.335596,0.148506,0.793888,0.312745
0.856135,0.849395,0.814540,1.461950,-0.082130,-0.511587,0.190192,1.876765,0.304640
0.864539,1.618360,1.166911,1.917640,-0.629714,-0.378872,0.196011,2.767330,0.578504
0.873806,1.046311,0.910693,-0.240479,-0.748135,0.006245,0.171966,1.407821,0.589317
0.877796,-0.165018,-0.248898,-1.338737,-0.437080,0.205525,0.093563,1.371641,0.242033
0.874786,-0.998102,-1.601677,0.072922,0.049335,0.093610,-0.050596,1.888622,0.013757
0.867373,-1.318451,-1.828904,0.326430,0.477705,-0.015512,-0.119015,2.278104,0.242607
0.860467,-0.880313,-0.428162,-1.124069,0.513131,-0.003919,0.043709,1.490572,0.265229
0.859529,0.509597,1.251344,-0.835269,0.036669,0.031156,0.276486,1.588466,0.078760
0.864603,1.362066,1.118213,0.524316,-0.445206,0.118740,0.270447,1.838622,0.285449
0.869673,0.258386,-0.821662,0.310134,-0.475796,0.183168,0.035620,0.915464,0.261201
0.871936,-1.247524,-2.098576,-0.136248,-0.303531,0.079749,-0.170377,2.445179,0.127519
0.874620,-0.980657,-1.201952,0.347523,-0.251968,-0.019873,-0.222216,1.589701,0.113263
0.879054,0.229179,0.348583,0.226069,-0.226393,-0.017714,-0.160038,0.474490,0.077180
0.882451,0.478865,0.641828,-0.558465,-0.178520,-0.190899,-0.039596,0.976288,0.069880
0.883761,0.093250,0.356124,-0.921991,-0.227666,-0.504830,0.090455,0.992767,0.314867
0.884863,0.256083,0.819730,-1.169820,-0.311817,-0.490164,0.151688,1.451211,0.360500
0.886837,0.553090,0.971173,-1.522150,-0.292506,-0.074955,0.061962,1.888392,0.095017
0.889092,0.183253,-0.289505,-1.347775,-0.194216,0.320683,-0.137994,1.390645,0.159600
0.890741,-0.314619,-1.218881,-0.593025,-0.101905,0.443386,-0.266441,1.391522,0.277967
0.891534,-0.235714,-0.344934,0.106632,-0.067181,0.358467,-0.224324,0.431174,0.183333
0.892504,0.153335,0.785929,0.686170,-0.146912,0.176963,-0.103685,1.054526,0.063650
0.894819,0.418034,0.575739,1.594510,-0.357397,-0.015506,-0.029202,1.746050,0.128826
0.897850,0.396354,-0.248494,1.959718,-0.567733,-0.101038,-0.039292,2.014780,0.334073
0.900422,0.030768,-0.512046,0.472801,-0.549054,-0.018401,-0.083394,0.697624,0.308753
0.902430,-0.362464,-0.287442,-1.389926,-0.232324,0.111972,-0.084906,1.464888,0.073721
0.902596,-0.483078,-0.208939,-1.466991,0.179847,0.146442,-0.062384,1.558551,0.057682
0.898607,-0.601718,-0.542494,-0.819234,0.459927,0.139391,-0.093544,1.152176,0.239713
0.892573,-0.590425,-0.788673,-0.293877,0.515071,0.124298,-0.135520,1.028091,0.299114
0.890606,0.301572,0.066149,1.823464,0.275815,-0.085619,-0.061765,1.849417,0.087219
0.894435,1.408614,1.519899,3.931562,-0.202156,-0.444302,0.096539,4.444262,0.247591
0.899634,1.014449,1.237763,1.742888,-0.556315,-0.461255,0.132757,2.366183,0.539867
0.902551,-0.192830,-0.511397,-2.422114,-0.479641,0.027402,-0.007560,2.483012,0.230864
0.902973,-0.076083,-0.422671,-2.392854,-0.160536,0.475345,-0.081048,2.431088,0.258293
0.901451,0.551472,1.029719,0.750861,0.016870,0.460621,0.038737,1.388609,0.213957
0.899293,-0.295068,0.137413,1.766819,-0.004393,0.202251,0.088546,1.796551,0.048765
0.898971,-1.242034,-1.758261,0.712814,-0.054345,-0.002229,-0.098925,2.267649,0.012745
0.901120,-0.226851,-0.596765,0.764080,-0.107584,-0.183404,-0.237232,0.995695,0.101490
0.903514,1.340973,2.056306,2.116797,-0.223972,-0.424756,-0.070926,3.241517,0.235612
0.904462,1.274974,2.290926,2.243953,-0.302230,-0.587069,0.200875,3.450975,0.476344
0.904717,0.084295,0.513464,-0.223895,-0.229626,-0.428742,0.246347,0.566463,0.297235
0.905815,-0.415080,-0.683419,-2.550173,-0.159361,0.006269,0.072676,2.672590,0.030717
0.907936,0.147785,-0.459484,-1.239339,-0.325352,0.308665,-0.045350,1.330010,0.203185
0.909526,0.135209,-0.395128,1.176460,-0.628901,0.302980,-0.108168,1.248385,0.499014
0.909799,-0.986431,-1.693260,-0.624678,-0.670453,0.380788,-0.376128,2.056793,0.735979
0.909216,-0.123832,-0.879794,-4.881538,-0.303472,0.791538,-0.532334,4.961732,1.002007
0.905103,4.075124,4.914930,-5.323700,0.061324,1.177386,0.098693,8.312939,1.399739
0.894490,6.403708,9.180218,-1.940385,0.044927,1.281652,1.138658,11.359972,2.941192
0.881640,2.823768,5.106793,0.733267,-0.089460,1.314860,1.456549,5.881384,3.858395
0.869331,-2.556061,-1.641521,2.692323,0.039183,1.246130,0.935146,4.059143,2.428873
0.851183,-4.550757,-2.615119,6.340094,0.276884,0.676030,0.419578,8.230737,0.709727
0.828090,-3.570367,0.304683,8.753484,0.452768,-0.290973,0.340189,9.458532,0.405393
0.809559,-2.039461,1.242468,4.929423,0.826629,-0.906175,0.477504,5.477439,1.732479
0.788436,-1.010640,-0.613078,-1.713128,1.396601,-0.857457,0.460440,2.081361,2.897732
0.751092,-0.626909,-2.981488,-1.675691,1.637563,-0.830717,0.119268,3.477100,3.385928
0.713499,-0.499865,-3.936158,3.945095,1.414237,-1.350144,-0.266568,5.595264,3.894014
0.704273,-0.511753,-3.004960,2.634076,1.228350,-1.617070,-0.375743,4.028651,4.264942
0.721064,-0.737541,-2.145891,-6.837026,1.279123,-0.688820,-0.430223,7.203731,2.295720
0.741053,-0.917654,-2.659769,-9.394646,1.210221,0.596890,-0.687597,9.806928,2.293702
0.756023,-1.784384,-1.613075,0.884369,0.862212,0.520965,-0.804258,2.562839,1.661645
0.770468,-3.105038,2.208805,9.450355,0.419689,-0.756266,-0.473632,10.189666,0.972404
0.784963,-1.272457,3.169499,3.525280,0.001793,-1.220016,-0.069523,4.908408,1.493276
0.794988,3.740362,-0.826704,-8.401234,-0.216352,-0.210963,0.021858,9.233335,0.091791
0.796916,5.217906,-2.720355,-10.394743,0.012518,0.585120,0.013700,11.944771,0.342710
0.794450,1.383074,-0.446933,-3.861901,0.488582,0.214778,0.117682,4.126369,0.298691
0.793898,-1.325714,-0.462076,-1.171590,0.724920,-0.142426,0.090760,1.828566,0.554032
0.790915,-0.624497,-2.822580,-2.347120,0.649976,0.203335,-0.179700,3.723698,0.496106
0.779468,-0.033244,-1.913288,-0.477978,0.491389,0.403930,-0.372124,1.972369,0.543099
0.768864,-0.060776,1.066132,1.437648,0.313209,0.176690,-0.280674,1.790855,0.208097
0.769638,0.494928,1.777250,-0.193150,0.114261,0.141821,-0.080881,1.854960,0.039711
0.777024,0.408761,0.453162,-0.112521,-0.076840,0.234794,-0.002855,0.620566,0.061041
0.786058,-0.634363,-1.214677,2.726196,-0.276185,0.016027,-0.117044,3.051229,0.090234
0.800793,-1.088627,-2.013995,1.739967,-0.382562,-0.207706,-0.309433,2.875547,0.285244
0.817909,-0.624247,-0.576401,-2.546565,-0.239728,-0.097190,-0.316576,2.684570,0.167136
0.826150,0.248061,1.851404,-2.510013,0.002580,-0.073838,-0.020975,3.128801,0.005899
0.826338,1.351006,2.536100,1.937857,0.027581,-0.468586,0.338850,3.465878,0.335153
0.829466,1.933641,1.755588,3.727435,-0.189188,-0.838439,0.486203,4.551355,0.975165
0.837197,1.234863,1.080971,0.768169,-0.390794,-0.638518,0.395037,1.812034,0.716479
0.842797,-0.100780,0.251351,-3.004064,-0.367454,0.030409,0.160575,3.016245,0.161731
0.844897,-0.903159,-0.649042,-4.370890,-0.155453,0.572412,-0.053883,4.510170,0.354725
0.846425,-1.073242,-0.720244,-2.851141,0.004136,0.618845,-0.080216,3.130432,0.389421
0.847582,-1.214089,-0.920493,-0.176197,-0.033039,0.403659,-0.042850,1.533742,0.165868
0.848153,-1.295623,-2.153787,1.197750,-0.158393,0.230826,-0.159310,2.784249,0.103749
0.849476,-0.796350,-2.366634,1.047587,-0.268050,-0.016045,-0.229696,2.707872,0.124868
0.851174,0.197368,-0.099658,0.860604,-0.371055,-0.411617,0.037926,0.888552,0.308549
0.852070,1.028877,2.200310,0.951566,-0.418923,-0.644169,0.436610,2.608722,0.781078
0.853139,1.106980,1.880799,0.482966,-0.389130,-0.538754,0.557169,2.235188,0.752115
0.855499,0.210306,-0.100387,-0.999394,-0.374295,-0.284463,0.322815,1.026204,0.325225
0.858652,-0.922506,-1.046083,-2.766387,-0.344342,0.004851,-0.030547,3.098097,0.119528
0.861942,-0.948200,-0.025017,-3.063088,-0.178264,0.296819,-0.204673,3.206590,0.161771
0.865117,0.081936,1.173859,-1.021423,-0.009828,0.335327,-0.100234,1.558192,0.122588
0.868658,0.534301,0.419599,1.584148,-0.103633,-0.003805,0.055098,1.723678,0.013790
0.873713,-0.157914,-1.328080,1.899206,-0.396452,-0.342675,0.020681,2.322868,0.275028
0.879597,-0.564186,-1.109166,-0.287678,-0.507581,-0.321734,-0.109899,1.277229,0.373229
0.883672,0.186512,1.127118,-1.933370,-0.207280,-0.055692,-0.105226,2.245685,0.057139
0.884202,0.630861,1.965883,-1.281546,0.308706,0.232147,0.005403,2.430029,0.149221
0.880669,-0.582231,-0.377282,-0.008004,0.639287,0.439795,-0.034218,0.693829,0.603278
0.875587,-1.464522,-2.798437,1.469969,0.514861,0.335820,-0.232060,3.483803,0.431709
0.876812,0.388457,-1.499660,4.270576,-0.084297,-0.196973,-0.202217,4.542873,0.086796
0.887641,2.218092,1.244772,4.521908,-0.789644,-0.623373,0.137586,5.188164,1.031061
0.897790,0.225146,0.586786,-2.040571,-0.902315,-0.297598,0.248924,2.135167,0.964700
0.898356,-2.259910,-1.064703,-8.779495,-0.177212,0.457960,-0.005758,9.127996,0.241165
0.894656,-0.513326,1.293949,-6.553054,0.689639,0.767734,0.043969,6.699278,1.066951
0.889488,1.840949,3.548679,0.473389,0.994184,0.537558,0.535822,4.025707,1.564476
0.874519,-0.147238,-0.221176,3.070655,0.922304,0.318640,0.638415,3.082129,1.359750
0.850533,-3.192917,-5.196239,2.048649,0.942291,0.230381,0.057288,6.433707,0.944270
0.830751,-2.595473,-4.286450,1.919625,1.011998,0.050622,-0.435059,5.366106,1.215979
0.819615,-0.015993,-0.015662,1.625878,0.872655,-0.131347,-0.325584,1.626032,0.884784
0.809373,0.995994,1.656978,0.073844,0.568225,-0.104638,-0.025659,1.934692,0.334487
0.794404,0.073623,0.313254,-0.666583,0.362311,0.054130,-0.037577,0.740190,0.135611
0.781359,-0.806357,-1.147083,0.039019,0.281624,0.072027,-0.250228,1.402688,0.147114
0.787617,0.128044,-1.217626,1.350849,-0.086416,-0.193194,-0.283483,1.823130,0.125154
0.818756,1.852648,-0.251120,1.922297,-0.900089,-0.458477,-0.132868,2.681528,1.038015
0.852645,1.514893,0.455866,-0.874888,-1.362063,-0.250205,-0.096197,1.807801,1.927072
0.866538,-0.537000,-0.176429,-6.063009,-0.760720,0.400122,-0.229149,6.089300,0.791302
0.863522,-0.675620,-0.983611,-8.103023,0.140886,1.068371,-0.262761,8.190417,1.230309
0.854833,1.685808,0.386012,-5.644359,0.162568,1.630528,0.020221,5.903367,2.685459
0.843101,2.640769,2.326170,-2.164516,-0.463014,1.978412,0.408708,4.131568,4.295538
0.832456,0.111112,0.901404,1.268817,-0.758152,1.645154,0.332848,1.560375,3.392114
0.827394,-3.149513,-0.858500,5.301096,-0.651599,0.546446,-0.201721,6.225598,0.763876
0.822932,-4.404769,3.202456,9.025222,-0.643848,-0.784578,-0.243217,10.540984,1.089257
0.815876,-3.995746,7.774269,9.575336,-0.680138,-1.814149,0.493019,12.965042,3.996792
0.812326,-2.641584,3.463612,3.611065,-0.457932,-2.011263,0.813128,5.658124,4.916058
0.813084,-0.774686,-3.279176,-4.766619,-0.139335,-1.163362,0.144852,5.837276,1.393807
0.811897,0.167364,-0.804430,-5.462902,-0.001895,-0.141619,-0.401732,5.524348,0.181448
0.809930,0.048687,5.170401,0.308038,0.007318,0.111377,-0.154117,5.179798,0.036210
0.812102,0.384710,3.696022,1.703118,0.023244,-0.041369,0.150459,4.087688,0.024890
0.815261,0.726277,-1.170540,-1.434518,0.081142,0.066351,0.037395,1.988840,0.012385
0.814894,-0.029836,-1.628587,-1.540878,0.184931,0.223433,-0.105479,2.242207,0.095248
0.812869,-0.429800,0.180801,0.563317,0.273006,0.149876,-0.068083,0.731261,0.101630
0.810541,0.375858,0.547229,0.322072,0.290715,0.129823,-0.021067,0.737875,0.101813
0.806626,0.657401,0.413426,-0.570706,0.268267,0.289681,-0.006025,0.963744,0.155919
0.804076,-0.133052,0.323715,0.814366,0.186820,0.310874,0.014652,0.886389,0.131759
0.806797,-0.725723,-0.583376,2.547988,0.020564,0.096983,-0.043537,2.712793,0.011724
0.811908,-0.658604,-1.363041,2.071243,-0.130931,-0.076019,-0.165948,2.565480,0.050461
0.816395,-0.118467,-0.533170,0.721742,-0.219005,-0.115899,-0.156695,0.905106,0.085949
0.823941,0.467660,0.551113,0.066974,-0.309816,-0.119286,-0.041239,0.725890,0.111916
0.835301,0.246951,-0.210015,-0.926375,-0.353143,-0.047311,-0.068888,0.981459,0.131694
0.843418,-0.432444,-1.303172,-1.620474,-0.234797,-0.016291,-0.132427,2.123959,0.072932
0.844701,-0.315812,-0.492536,-0.083942,-0.045415,-0.303119,0.062987,0.591080,0.097911
0.842883,0.262089,0.565650,1.341735,0.003100,-0.667148,0.307816,1.479494,0.539847
0.841321,0.199371,-0.013179,-0.043070,-0.108465,-0.596341,0.260420,0.204395,0.435206
0.842286,-0.140875,-0.718574,-1.448199,-0.197747,-0.228563,0.097687,1.622798,0.100888
0.848865,0.121292,-0.254843,-0.646371,-0.247272,-0.018850,0.058586,0.705303,0.064931
0.859799,0.701912,0.362123,-0.201766,-0.474802,0.092199,0.022497,0.815183,0.234444
0.868885,0.636092,0.258626,-1.148902,-0.759981,0.310766,-0.081576,1.338460,0.680801
0.872576,-0.063433,-0.024176,-1.247436,-0.555086,0.435781,-0.088724,1.249282,0.505897
0.871574,-0.079929,0.683178,-0.208001,0.141999,0.287157,0.126084,0.718599,0.118520
0.866042,0.811025,2.046565,0.417194,0.533134,0.077702,0.447261,2.240589,0.490312
0.857104,0.637863,1.334213,0.641095,0.247470,0.022774,0.499045,1.611830,0.310806
0.850578,-1.158505,-1.927212,1.118228,-0.156773,0.042573,0.056686,2.511317,0.029604
0.851560,-1.828856,-3.140969,1.602864,-0.268507,-0.007797,-0.460266,3.972351,0.284002
0.858484,0.036445,-0.023432,1.615881,-0.329918,-0.102888,-0.483992,1.616462,0.353680
0.866863,1.635785,2.602248,0.525144,-0.441857,-0.118494,-0.182052,3.118215,0.242421
0.873378,0.828673,1.432642,-1.432979,-0.276536,-0.047699,-0.085136,2.189199,0.085995
0.875366,-0.251652,0.266391,-1.785585,0.193616,-0.058010,-0.135789,1.822802,0.059291
0.873128,0.459515,1.583902,0.621344,0.446061,-0.246436,0.033093,1.762376,0.260796
0.871469,1.318274,1.901512,2.285858,0.139084,-0.415008,0.264252,3.252498,0.261405
0.873894,0.582706,-0.312791,0.220202,-0.379065,-0.275464,0.171678,0.697046,0.249044
0.878583,-0.453441,-1.426536,-2.628981,-0.566997,0.120263,-0.100163,3.025253,0.345981
0.882320,-0.394008,-0.029000,-2.263243,-0.372086,0.385040,-0.156170,2.297466,0.311093
0.883627,-0.161442,0.647005,-0.050848,-0.094134,0.317362,-0.062600,0.668778,0.113499
0.881912,-0.524628,-0.735771,0.946323,0.076324,0.087577,-0.125301,1.308480,0.029195
0.878861,-0.366480,-1.261678,1.332335,0.053828,-0.160430,-0.252736,1.871164,0.092511
0.878995,0.894961,0.749322,1.920231,-0.168303,-0.366690,-0.152322,2.247159,0.185989
0.883723,1.882555,2.837797,0.935658,-0.358125,-0.284082,0.112988,3.531651,0.221722
0.888252,1.549941,2.533715,-1.205688,-0.296898,0.163332,0.284254,3.205575,0.195626
0.888684,0.381714,0.646108,-1.224558,-0.094916,0.508732,0.306545,1.436211,0.361787
0.886812,-1.042451,-1.183399,1.117412,0.048891,0.379083,0.199697,1.932808,0.185973
0.884763,-2.052036,-2.453024,2.774982,0.078346,0.042963,-0.063050,4.234230,0.011959
0.882170,-1.478463,-2.256717,2.295813,-0.018234,-0.129591,-0.329361,3.542511,0.125605
0.880944,0.283909,-0.261249,0.663219,-0.197298,-0.149753,-0.374519,0.767278,0.201617
0.884762,1.199906,1.312145,-0.606398,-0.369068,-0.110930,-0.258414,1.878621,0.215294
0.892226,0.831440,1.003469,-0.635111,-0.546907,0.002461,-0.167374,1.449693,0.327127
0.897854,0.329606,0.260358,-0.101448,-0.702585,0.129884,-0.128811,0.432109,0.527088
0.899713,-0.081534,-0.003578,-0.194055,-0.588655,0.163694,-0.134780,0.210518,0.391476
0.899754,-0.425480,0.032226,-0.554251,-0.085793,0.089326,-0.128265,0.699475,0.031791
0.898052,-0.272429,0.478336,-0.343902,0.476013,-0.064540,0.034166,0.649070,0.231921
0.892526,-0.274627,-0.186223,-0.010724,0.684945,-0.220766,0.188082,0.331985,0.553262
0.884430,-0.843413,-2.456763,0.104447,0.523674,-0.255001,0.036463,2.599604,0.340590
0.879948,-0.394313,-2.167910,0.640926,0.200977,-0.203370,-0.145884,2.294799,0.103033
0.883360,1.202280,1.520599,1.042964,-0.202223,-0.188742,-0.012676,2.201243,0.076678
0.890967,1.276894,2.367642,-0.618028,-0.558852,-0.065570,0.067958,2.760099,0.321233
0.895835,-0.217504,-0.358786,-3.774829,-0.544349,0.336324,-0.132248,3.798074,0.426919
0.895306,-0.052247,0.214659,-4.439043,-0.133335,0.704479,-0.079488,4.444537,0.520387
0.890454,1.558781,3.657067,-0.818176,0.180106,0.623110,0.383102,4.058737,0.567471
0.883979,1.000394,2.544890,3.176045,0.091823,0.222522,0.581358,4.191004,0.395925
0.880403,-1.566826,-2.538693,3.389690,-0.117106,-0.082614,0.190495,4.515518,0.056827
0.882317,-2.408876,-4.305378,1.315806,-0.206157,-0.157285,-0.285375,5.105909,0.148678
0.887036,-0.933167,-1.901773,0.461891,-0.300268,-0.132939,-0.386851,2.168152,0.257487
0.890337,0.038650,-0.366708,0.395688,-0.350454,-0.163884,-0.261829,0.540867,0.218230
0.890861,-0.286632,-0.710991,-0.584721,-0.088559,-0.297017,-0.204192,0.964139,0.137756
0.890102,-0.107730,-0.089559,-1.086710,0.301499,-0.393285,-0.139433,1.095703,0.265016
0.890389,0.773416,1.108560,0.012826,0.313038,-0.290913,0.063974,1.351755,0.186716
0.892684,0.712036,0.437626,0.888048,-0.039438,-0.095626,0.189766,1.219484,0.046711
0.896013,-0.258411,-1.174042,0.767616,-0.291335,-0.043112,0.069751,1.426319,0.091600
0.898372,-0.678481,-1.699321,0.880817,-0.312971,-0.128002,-0.108095,2.030731,0.126020
0.897941,-0.493969,-1.453710,0.974650,-0.330438,-0.184642,-0.185640,1.818577,0.177744
0.895766,-0.497439,-0.835311,0.492709,-0.364534,-0.217135,-0.169641,1.089932,0.208811
0.894755,-0.651598,-0.374454,1.014282,-0.242870,-0.403890,-0.111341,1.262364,0.234510
0.892914,-0.486851,-0.981999,2.871288,-0.032389,-0.836947,-0.161471,3.073376,0.727602
0.885850,0.460369,0.487273,2.200767,0.085195,-1.208507,-0.151796,2.300598,1.490789
0.876676,1.822439,6.092811,-4.409614,0.309300,-0.833313,0.445013,7.738755,0.988114
0.869888,1.868755,7.627430,-12.303666,0.885486,0.482703,1.249709,14.596237,2.578860
0.861082,0.547152,-0.083596,-11.495923,1.268383,1.793240,1.097358,11.509240,6.028700
0.847914,0.326255,-5.675640,-1.615850,0.661707,2.106757,0.137134,5.910186,4.895087
0.838189,0.803672,-1.279071,5.916663,-0.571585,1.649351,-0.385249,6.106457,3.195485
0.835652,-1.224341,2.977452,6.404887,-1.282059,1.070431,-0.354078,7.168459,2.914869
0.834927,-4.406262,0.409669,6.050332,-1.147372,0.356968,-0.391843,7.495965,1.597430
0.834441,-4.264462,-2.227813,5.850144,-0.723463,-0.477554,-0.372250,7.574495,0.890027
0.837278,-1.258558,-1.945364,1.781788,-0.394677,-0.832920,-0.182215,2.922872,0.882728
0.841923,0.892599,-1.777387,-3.085186,-0.201913,-0.489609,-0.208787,3.670723,0.324078
0.845369,1.331630,-1.106321,-3.771662,-0.109655,-0.061109,-0.351289,4.150014,0.139162
0.849085,1.017747,0.345661,-1.990681,-0.023983,-0.004171,-0.253977,2.262322,0.065097
0.854045,0.386826,0.271411,-0.789811,0.060077,-0.088841,-0.115633,0.920380,0.024873
0.857634,-0.071228,-0.526471,-0.362975,0.112206,-0.069424,-0.148842,0.643425,0.039564
0.858714,-0.237091,-0.565104,-0.549540,0.301019,-0.097905,-0.173211,0.823134,0.130200
0.858553,-0.309813,-0.698005,-0.559798,0.582909,-0.310814,-0.112182,0.946873,0.448973
0.858109,0.272874,-0.136188,0.507053,0.461903,-0.517075,-0.050255,0.591701,0.483247
0.859970,1.571298,2.113387,0.772255,-0.132167,-0.394338,0.034068,2.744405,0.174131
0.867415,2.160652,3.377366,-0.712163,-0.552093,0.096271,0.152133,4.072124,0.337219
0.877897,1.172928,1.625878,-0.393807,-0.537007,0.500729,0.223298,2.043116,0.588968
0.884715,-0.600884,-1.365356,2.166089,-0.437538,0.419170,0.153995,2.630057,0.390857
0.885461,-2.010069,-3.570012,1.445865,-0.239477,0.141501,-0.087914,4.344639,0.085101
0.882542,-2.244593,-3.901952,-2.116031,0.228482,0.036694,-0.304459,4.974034,0.146246
0.878852,-1.027200,-1.699005,-1.158856,0.456170,-0.161870,-0.218352,2.298849,0.281971
0.877116,0.700607,1.134109,2.902484,0.034877,-0.544136,0.054967,3.193974,0.300322
0.878461,1.507405,1.683583,1.502650,-0.454398,-0.504705,0.170930,2.713794,0.490422
0.880695,1.210879,0.554495,-3.420185,-0.468820,0.102468,0.130560,3.670335,0.247338
0.881822,0.502909,0.044240,-3.274931,-0.336477,0.549420,0.123133,3.313616,0.430241
0.882726,-0.505781,-0.262865,0.755226,-0.345225,0.449728,0.075799,0.946192,0.327181
0.884280,-1.674537,-1.556638,2.405528,-0.269943,0.158805,-0.133184,3.318699,0.115826
0.885968,-1.941156,-2.472442,1.747683,-0.090076,-0.026679,-0.362889,3.596589,0.140514
0.887681,-0.932647,-1.603895,0.783259,-0.005009,-0.087948,-0.443398,2.013903,0.204362
0.889348,-0.013452,-0.330977,-0.766780,0.102471,-0.037862,-0.406107,0.835271,0.176857
0.890243,0.065613,0.180337,-1.378480,0.306297,-0.037045,-0.317508,1.391774,0.196002
0.890690,0.357290,1.099083,0.389370,0.263120,-0.278602,-0.159108,1.219528,0.172167
0.891937,1.052771,2.242354,1.711658,-0.153189,-0.548510,0.023736,3.011022,0.324893
0.893946,0.907077,1.588782,0.048618,-0.507372,-0.435687,0.099708,1.830131,0.457191
0.895900,0.105297,-0.053212,-2.328696,-0.477930,-0.001635,0.061381,2.331683,0.232187
0.897559,-0.177233,-0.397951,-2.239338,-0.220032,0.274911,0.016236,2.281318,0.124254
0.898068,-0.287831,-0.228704,-0.445903,0.067951,0.201876,-0.027700,0.577911,0.046139
0.896187,-0.484267,-0.384603,0.008515,0.313282,0.078360,-0.070034,0.618471,0.109191
0.892928,0.316953,0.650162,-1.262341,0.353332,0.188154,0.034675,1.454880,0.161448
0.890866,1.361555,1.824412,-1.551379,0.098532,0.423083,0.265443,2.754830,0.259168
0.890859,0.315703,0.097564,0.418793,-0.220234,0.478302,0.289123,0.533455,0.360868
0.891726,-1.849079,-2.601671,2.682871,-0.342678,0.257565,0.014477,4.169602,0.183978
0.892188,-1.925156,-1.910456,3.162751,-0.305408,-0.020267,-0.174890,4.166421,0.124271
0.892252,-0.243321,0.799670,2.026986,-0.262284,-0.125650,-0.068931,2.192567,0.089332
0.893206,0.315163,1.031390,0.795974,-0.243334,-0.099209,0.041501,1.340398,0.070776
0.895451,-0.479295,-1.066247,0.351182,-0.222493,-0.097414,-0.075668,1.220629,0.064718
0.897351,-0.772975,-2.022493,0.051724,-0.187131,-0.125301,-0.241119,2.165789,0.108857
0.897738,-0.270842,-1.017553,-0.800653,-0.072034,-0.123276,-0.245876,1.322806,0.080841
0.897229,0.053875,0.087167,-1.443539,0.173438,-0.127765,-0.155155,1.447172,0.070478
0.896401,0.082316,0.532358,-1.126766,0.422777,-0.153737,-0.082551,1.248913,0.209190
0.895530,0.372777,1.053165,-0.500114,0.447182,-0.120507,0.014697,1.224023,0.214710
0.895347,0.865278,1.545804,0.014102,0.168624,-0.009843,0.168586,1.771557,0.056952
0.895926,0.775543,0.932176,0.664039,-0.229639,0.097359,0.259838,1.382522,0.129729
0.896733,-0.288643,-0.997494,0.761177,-0.416513,0.125290,0.148112,1.287517,0.211118
0.897717,-1.323253,-2.617822,0.140315,-0.239441,-0.022982,-0.150031,2.936610,0.080369
0.897906,-0.898147,-1.610376,0.337241,-0.001570,-0.370226,-0.382721,1.874489,0.283545
0.896237,0.441636,1.312933,0.906354,-0.107524,-0.613342,-0.295321,1.655389,0.474964
0.894585,0.626590,1.698657,0.374840,-0.436452,-0.503417,-0.104756,1.848934,0.454893
0.892854,-0.379110,-1.192068,1.425916,-0.554334,-0.489825,-0.248134,1.896836,0.608785
0.886006,-0.305419,-0.983132,4.314815,-0.338480,-0.996836,-0.441647,4.435928,1.303303
0.876000,1.833274,5.649422,1.339069,0.155655,-1.317432,0.163620,6.088511,1.786627
0.870939,4.857293,12.694581,-7.967195,0.920273,-0.645987,1.734531,15.755059,4.272799
0.864165,7.043875,13.745190,-11.575540,1.649053,0.511594,3.524840,19.301284,15.405601
0.842060,6.541547,9.366113,-6.782815,1.958490,1.434090,4.724407,13.286177,28.212319
0.808655,2.780274,3.714764,-3.885195,2.062778,2.333649,4.932908,6.051788,34.034552
0.769353,-1.980935,0.057342,-4.293214,2.301014,3.277103,4.266487,4.728539,34.236981
0.717742,-5.138967,-0.981131,-1.106885,2.356310,3.676379,3.264657,5.347597,29.725945
0.662911,-6.301661,-1.232386,3.743828,1.908657,3.394330,2.331914,7.432762,20.602271
0.620345,-5.907941,-1.674850,4.486738,1.351565,2.908865,1.530373,7.605242,12.630265
0.579211,-4.221791,-1.011309,2.824169,1.052604,2.522770,0.978002,5.179015,8.428832
0.534423,-2.335280,0.694194,2.031918,0.796358,2.278341,0.742005,3.172401,6.375595
0.509913,-1.634630,1.087242,1.589579,0.444412,2.154956,0.535171,2.526039,5.127745
0.507286,-1.957499,0.544269,1.286033,0.143636,2.049040,0.283283,2.404561,4.299445
0.495952,-1.900469,2.881558,1.680780,-0.257187,1.883314,0.438329,3.839294,3.805149
0.468137,-1.732155,7.143438,2.494384,-0.944162,1.508720,0.980252,7.762153,4.128572
0.442334,-4.264554,5.031417,4.712336,-1.496759,0.540413,0.976926,8.106028,3.486718
0.425437,-10.505205,-6.699285,9.267824,-1.557100,-1.098041,-0.003302,15.528436,3.630265
