pressure,accel_x,accel_y,accel_z,gyro_x,gyro_y,gyro_z,accel_jx,accel_jy,accel_jz,accel_power,gyro_energy
0.528573,-0.921891,-0.824011,-2.745530,-0.382309,-0.275283,-0.386625
0.526840,-0.771278,5.468688,-1.070101,0.181455,-0.091344,0.934111
0.496580,-0.789907,4.940505,0.071085,0.469050,-0.091499,1.580617
0.456976,-1.214800,-1.513083,0.232177,0.307928,-0.082836,1.106404
0.444207,-1.060888,-6.649679,0.344708,-0.137504,0.042632,-0.197507
0.463550,0.334714,-5.070972,1.032580,-0.456084,0.073056,-1.226866
0.498522,1.572316,0.165443,1.037162,-0.477867,-0.084198,-1.164280
0.540479,1.614010,2.509830,-0.020644,-0.358340,-0.276559,-0.354893
0.584077,1.052140,2.335180,-0.658152,-0.142667,-0.406458,0.508242
0.613667,0.055628,2.946031,-0.415281,0.201091,-0.464218,1.161751
0.621265,-1.268531,1.926514,-0.055621,0.419767,-0.403610,1.321979
0.624294,-1.564534,-1.621488,0.258971,0.343663,-0.244476,0.822898
0.639688,-0.638982,-2.858339,0.401630,0.246607,-0.130525,0.188409
0.657059,-0.421766,-1.814291,0.109017,0.186255,-0.123104,-0.132067
0.661298,-1.413655,-2.969545,-0.073887,-0.225060,-0.087770,-0.421503
0.660052,-2.021357,-4.414529,-0.067685,-0.838914,0.097308,-0.850075
0.666289,-1.492869,-1.340053,-0.520643,-0.857875,0.293578,-0.919364
0.672109,-0.027223,4.567683,-0.916705,-0.154131,0.249411,-0.137818
0.661333,1.445019,7.132666,-0.960712,0.409848,0.071156,1.153735
0.638803,0.884153,3.250019,-1.244368,0.313640,0.101305,1.823345
0.626552,-0.981292,-3.125308,-0.234751,0.027781,0.156786,1.223207
0.633355,-0.565983,-5.606417,2.545682,0.013113,-0.217857,0.126764
0.648418,1.298079,-3.840463,2.690131,0.037720,-0.690752,-0.421454
0.664309,0.744503,-1.224686,-0.983380,-0.108399,-0.637941,-0.399170
0.684499,-1.052624,1.697549,-2.863311,-0.198005,-0.358745,-0.181260
0.707503,-1.223505,3.623801,-1.254443,-0.189243,-0.398454,0.118059
0.723442,-1.335531,1.420268,-0.440931,-0.271536,-0.450212,0.201191
0.726737,-2.660524,-2.522373,-1.215720,-0.284419,-0.080804,-0.244694
0.717880,-2.788570,-2.967760,-0.963184,-0.012540,0.413297,-0.853343
0.699364,-0.468515,-0.541863,0.227463,0.283811,0.546689,-0.952270
0.681046,2.175835,1.624462,0.799866,0.324160,0.276302,-0.405177
0.676147,2.741223,3.472926,0.527092,0.250339,-0.122919,0.403074
0.684529,1.268798,4.461498,-0.027588,0.227679,-0.417924,1.067179
0.694857,-0.200510,2.389712,-0.163696,0.139572,-0.553892,1.294985
0.702135,-1.089013,-1.823842,-0.319061,-0.142352,-0.448458,0.877364
0.708512,-2.591965,-4.176619,-1.457761,-0.495893,-0.019432,0.028021
0.714916,-3.323261,-3.055920,-1.835456,-0.623939,0.364299,-0.568266
0.722135,-1.086739,-1.361493,0.216775,-0.383416,0.205553,-0.620499
0.730022,1.480556,-1.450146,1.608667,-0.008112,-0.242562,-0.509666
0.734309,1.150039,-0.569263,-0.007787,0.187819,-0.390757,-0.291080
0.733534,-0.042488,3.274504,-1.332219,0.195413,-0.313028,0.366568
0.733122,0.209302,4.977836,-0.126889,0.124887,-0.367219,1.072978
0.736342,0.308442,0.549731,0.991652,-0.046690,-0.418512,1.016714
0.740147,-0.922286,-4.757143,0.357214,-0.280506,-0.209054,0.246992
0.742794,-1.915321,-4.931342,-0.541219,-0.452244,0.087570,-0.478251
0.746769,-1.388777,-1.482409,-0.723049,-0.571008,0.178968,-0.658846
0.752100,-0.084318,1.763651,-0.548118,-0.575182,0.096669,-0.296413
0.752976,0.734034,3.268315,-0.089362,-0.244104,-0.004980,0.228259
0.744338,0.778982,2.305232,0.435866,0.256563,-0.151817,0.443166
0.730169,0.441659,0.286046,0.280115,0.411379,-0.350456,0.380257
0.721972,0.241721,0.390454,-0.139929,0.184621,-0.451694,0.481995
0.727393,0.321115,1.621066,0.251252,-0.037960,-0.432188,0.700468
0.742534,-0.210399,0.302987,0.531755,-0.204261,-0.375127,0.518761
0.757735,-1.663169,-2.074664,-0.532316,-0.398462,-0.188710,-0.055929
0.767047,-2.398959,-1.679412,-1.500178,-0.372695,0.168343,-0.508993
0.768485,-1.612113,0.321264,-1.019419,-0.026636,0.433496,-0.654279
0.761737,-0.459485,1.131779,-0.226169,0.276537,0.392098,-0.586620
0.751475,0.734266,1.281054,0.178295,0.312163,0.129348,-0.283662
0.746092,2.034810,1.907718,0.752399,0.281744,-0.186443,0.183667
0.749125,2.170875,2.434150,1.042583,0.316350,-0.430585,0.602508
0.756365,0.855385,1.446858,0.628543,0.238251,-0.495049,0.802222
0.760607,-0.624857,-1.952383,0.447489,-0.057927,-0.352875,0.522155
0.760145,-1.777278,-5.482577,0.433583,-0.394012,-0.091657,-0.266406
0.762984,-2.062394,-5.077275,-0.362343,-0.611966,0.110403,-0.859819
0.770404,-0.392559,-1.459623,-0.521688,-0.739774,0.011126,-0.689285
0.769178,1.730795,1.293308,0.953041,-0.733926,-0.420888,-0.201765
0.761829,1.136342,3.346782,0.254236,-0.463910,-0.636154,0.183343
0.760027,-1.500574,5.643136,-4.002038,-0.041456,-0.022873,0.736640
0.739967,-2.170750,4.149687,-4.656150,0.257791,0.933421,1.204212
0.690053,-0.509923,-1.751164,1.487859,0.341778,1.087892,0.835985
0.645308,-0.410164,-4.893982,5.578108,0.242716,0.510405,0.025328
0.565373,-2.251017,-2.473631,2.395723,0.036748,0.352801,-0.168862
0.359562,-1.757747,-0.071236,-0.772325,-0.016947,0.765050,0.133917
0.129592,1.744457,-0.533653,1.286907,0.227390,0.784156,0.135357
0.093880,3.938938,-1.305456,4.091176,0.454088,0.170659,-0.166025
0.239199,2.929962,-1.145851,3.490959,0.341370,-0.331075,-0.332157
0.366152,1.118521,-0.311294,1.057182,0.040387,-0.361759,-0.249901
0.412128,0.627645,1.292340,-0.287740,-0.148835,-0.327433,0.033276
0.459529,0.970047,1.868573,0.193577,-0.200057,-0.508659,0.323787
0.540791,0.547592,-0.359933,0.984714,-0.286269,-0.645346,0.264910
0.616901,-0.498333,-2.885494,0.769313,-0.460616,-0.524563,-0.165891
0.661658,-0.806430,-2.662050,0.084485,-0.498984,-0.292228,-0.665026
0.677786,-1.145903,-1.145550,-0.681780,-0.228355,-0.001581,-1.049256
0.673976,-2.005312,0.213884,-1.593292,0.115226,0.357848,-1.038561
0.663655,-0.578645,3.255939,-1.232758,0.256373,0.402047,-0.264717
0.665125,3.049109,6.336464,0.915161,0.270768,-0.116341,0.870913
0.684036,3.784539,4.081378,2.268795,0.213943,-0.664781,1.344999
0.709094,0.261973,-1.938200,1.040963,-0.009027,-0.655677,0.838160
0.727853,-3.280594,-4.460286,-1.118477,-0.203435,-0.182584,-0.083830
0.733872,-3.693467,-2.632848,-1.857508,-0.086178,0.319213,-0.844131
0.728723,-0.821051,-0.400446,-0.715528,0.172511,0.411663,-0.993974
0.724361,3.011101,1.964073,0.895328,0.273778,-0.118814,-0.234780
0.729926,3.459256,4.047883,1.194072,0.282888,-0.801924,0.884734
0.739452,-0.424547,2.473762,0.007595,0.357807,-0.897129,1.239067
0.741693,-3.642530,-1.313054,-0.996626,0.436522,-0.426921,0.667125
0.731281,-3.079135,-1.997775,-0.814677,0.412166,0.094407,0.105521
0.705226,-2.206622,-0.457404,-0.650994,0.294269,0.607995,-0.074031
0.661704,-2.940111,-0.638719,-1.271253,0.141276,1.138557,-0.312151
0.612559,-1.263851,-0.648018,-1.274709,-0.027268,1.214141,-0.412561
0.586688,3.437481,1.625541,-0.103823,-0.272569,0.641404,0.265359
0.602819,5.181586,2.251334,1.127489,-0.657790,-0.031096,1.259967
0.645673,2.030709,-0.758032,2.162645,-1.039729,-0.405294,1.444572
0.687116,-0.963109,-3.092238,2.594055,-1.089254,-0.632637,0.718171
0.717422,-1.124837,-2.424600,1.138100,-0.708836,-0.755293,-0.117647
0.736731,-0.993591,-1.345127,-1.320832,-0.230747,-0.550385,-0.638897
0.739082,-1.971425,-0.491356,-2.545230,0.051681,-0.088497,-0.884976
0.729397,-1.862166,2.191614,-2.154803,0.236081,0.166919,-0.711642
0.729953,0.453514,4.845457,-0.692124,0.381479,-0.067230,-0.027039
0.748666,1.878418,2.965708,0.877917,0.241564,-0.502106,0.608611
0.768591,-0.196987,-2.184020,0.727739,-0.169574,-0.605262,0.468476
0.777363,-2.955913,-4.358661,-0.814162,-0.394724,-0.216685,-0.291622
0.777624,-2.537146,-1.551835,-1.070439,-0.257205,0.299964,-0.749243
0.771873,0.018354,2.125612,0.125098,-0.071320,0.509976,-0.430840
0.762232,1.437250,2.963666,0.323292,-0.045939,0.397147,0.197215
0.755837,1.133085,1.512515,-0.542004,-0.123276,0.235086,0.566650
0.756111,0.677022,0.084678,-0.056070,-0.231703,0.054175,0.647313
0.759159,0.925784,-1.131130,1.790585,-0.289668,-0.304607,0.508553
0.762182,1.023755,-2.772745,2.132803,-0.242710,-0.651965,0.086724
0.764538,0.109285,-2.511916,0.381649,-0.129513,-0.650716,-0.278348
0.762573,-0.778956,1.127215,-0.869169,0.044257,-0.401179,-0.057026
0.753933,-0.948930,3.363796,-1.250067,0.199765,-0.088520,0.472846
0.742668,-1.856667,0.220057,-2.372860,0.091686,0.390504,0.515643
0.732892,-2.698268,-3.931289,-2.053152,-0.278338,0.755706,0.016789
0.726324,-0.641677,-4.216063,1.488324,-0.559085,0.434676,-0.477643
0.727984,1.992825,-2.166951,3.023591,-0.569196,-0.240218,-0.751944
0.738610,1.591009,0.343148,-0.198099,-0.421376,-0.499484,-0.675682
0.745068,0.899848,2.858664,-1.890384,-0.243743,-0.548966,-0.045113
0.737419,1.233020,2.475115,0.122546,-0.146832,-0.784174,0.609904
0.725917,-0.969634,-0.691860,0.186276,-0.161128,-0.733666,0.550914
0.723437,-3.352620,-1.387319,-1.555010,-0.174747,-0.239287,0.182383
0.726455,-1.328703,0.517491,-0.613700,-0.204191,0.050924,0.209093
0.727572,0.811910,0.454296,0.667170,-0.367051,0.029126,0.325528
0.728701,-0.598358,-0.612459,-0.568293,-0.495633,0.117684,0.136004
0.731943,-0.923078,-0.233135,-0.793219,-0.364595,0.189665,-0.081202
0.733755,1.226761,-0.300039,1.147154,-0.157857,-0.012949,-0.143064
0.732852,1.839599,-0.034874,1.665216,-0.123695,-0.245198,-0.055976
0.731538,1.198920,2.900489,0.649976,-0.141697,-0.354440,0.343802
0.729649,1.119900,4.200551,0.302731,-0.120929,-0.481379,0.878841
0.727160,-0.212634,0.545757,-0.205410,-0.280661,-0.498565,1.004428
0.729356,-2.310976,-2.697722,-1.221364,-0.612479,-0.197662,0.623757
0.739071,-1.892530,-2.026890,-0.835604,-0.673902,0.156713,0.105940
0.748090,0.187063,-0.790918,0.465544,-0.272799,0.197700,-0.294390
0.748127,1.019354,0.027906,0.590387,0.204417,0.005635,-0.447010
0.745519,1.007321,1.741092,0.165796,0.337412,-0.205446,-0.210316
0.752464,1.192219,2.055451,0.576471,0.085945,-0.446917,0.319554
0.768683,0.417143,-0.002723,0.649795,-0.310558,-0.639275,0.712238
0.782648,-1.976299,-1.357556,-0.954821,-0.514697,-0.441075,0.581143
0.787243,-3.608648,-1.101133,-2.360136,-0.346056,0.195403,0.023251
0.786302,-1.773207,-0.791165,-1.077718,-0.012237,0.663729,-0.452535
0.785928,1.648348,-0.517399,1.205844,0.157485,0.436770,-0.529072
0.785729,2.774029,0.330304,1.434657,0.179122,-0.187817,-0.343150
0.782311,2.062797,2.010726,0.602350,0.309403,-0.677203,-0.040545
0.772920,1.249589,3.723885,0.473735,0.594351,-0.971453,0.385102
0.754915,-1.015127,2.911895,-0.216851,0.828976,-1.028580,0.718277
0.736758,-4.363189,-0.556878,-1.807165,0.868549,-0.556664,0.640076
0.731442,-5.194731,-2.394436,-2.335156,0.779316,0.369426,0.251820
0.715249,-2.636409,-0.729204,-1.303737,0.700348,1.176700,-0.026798
0.646058,0.600407,0.939214,-0.061989,0.642837,1.407092,-0.002610
0.550902,2.350625,0.607043,0.084570,0.542948,1.117480,0.172712
0.507951,2.294802,0.190186,-0.856562,0.447186,0.739641,0.297509
0.524510,1.300567,0.188416,-0.877675,0.369682,0.530953,0.289343
0.538452,0.439942,-0.516739,0.838137,0.125955,0.288058,0.147435
0.531094,-0.213241,-0.703303,1.443196,-0.310301,-0.088153,-0.035717
0.532904,-0.865900,0.752923,-0.517644,-0.575648,-0.200657,-0.062365
0.547298,-0.875840,1.463676,-1.719076,-0.422421,0.183649,0.171393
0.554216,0.019568,-0.555704,0.508311,-0.086887,0.625266,0.460992
0.552664,0.751171,-3.300586,3.968069,0.129441,0.600192,0.427691
0.549022,0.430640,-3.834236,4.758365,0.228387,0.205970,-0.058414
0.542226,-0.191436,-1.614115,1.960724,0.278635,-0.035184,-0.622021
0.539764,0.213604,1.700788,-1.420771,0.243175,0.083817,-0.695962
0.550733,1.137019,3.147117,-1.983052,0.145744,0.250304,-0.211244
0.567439,0.878308,0.711231,0.249544,0.033356,0.203172,0.206685
0.584168,-0.037052,-3.090665,2.409932,-0.162246,0.040124,0.001266
0.609878,0.008382,-3.477109,2.065316,-0.428331,-0.125787,-0.554731
0.640690,0.051579,-0.759938,-0.355443,-0.571162,-0.242404,-0.810835
0.656171,-0.405230,0.824181,-1.832518,-0.477484,-0.162694,-0.669487
0.654564,1.200594,1.398470,-0.613530,-0.202479,-0.000210,-0.382044
0.654167,4.309466,3.494175,1.350385,0.135774,-0.170133,0.108109
0.661017,4.289437,4.657449,1.721719,0.330972,-0.607433,0.747290
0.669122,0.953843,2.274857,0.517745,0.229509,-0.714621,0.993266
0.678762,-1.505666,0.041293,-1.250660,0.023229,-0.257020,0.663099
0.682884,-1.949313,0.380400,-1.855638,0.036485,0.414212,0.312975
0.659516,-1.721187,-0.781130,-0.056767,0.175232,0.766851,0.226910
0.610965,-1.110746,-4.057536,1.378969,0.041969,0.452358,-0.014956
0.580816,-0.378077,-3.171002,-0.593343,-0.341816,-0.194356,-0.487977
0.598919,-0.193348,2.257489,-2.909586,-0.526491,-0.391803,-0.519871
0.640761,-0.287699,4.768671,-1.997667,-0.437569,-0.053561,0.015186
0.667742,0.557465,3.376596,-0.563864,-0.408192,0.161816,0.328318
0.675245,2.242121,3.322660,-1.033217,-0.416891,0.016955,0.294111
0.680328,2.152951,3.164425,-0.603791,-0.232600,-0.101557,0.559563
0.690003,-0.580743,-0.899843,1.514408,-0.086784,-0.066133,0.807372
0.699394,-2.803346,-4.527904,1.383072,-0.245238,-0.124237,0.160201
0.704540,-2.396429,-2.438527,-1.576276,-0.376926,-0.188289,-0.944274
0.705856,-0.224620,2.796615,-2.893288,-0.138353,-0.017113,-1.291677
0.708951,2.017254,5.559729,-1.294626,0.189991,0.014158,-0.643669
0.724441,1.712432,3.598665,-0.154397,0.182253,-0.481687,0.260233
0.752608,-1.695606,-0.793068,-0.681273,-0.137730,-0.917759,0.706832
0.773462,-4.511877,-3.229276,-1.191638,-0.438442,-0.600102,0.466398
0.774326,-4.457498,-2.023404,-1.251218,-0.404686,0.158819,-0.248740
0.767620,-2.521009,0.981718,-1.189490,0.073667,0.728192,-0.886902
0.753310,0.523899,3.777777,-1.016426,0.700237,0.982950,-0.816538
0.709582,2.762913,4.910772,-1.353358,1.020627,1.023404,0.006287
0.650151,2.197770,2.952595,-1.300075,1.003076,0.888193,0.799495
0.620823,0.972965,-1.521593,1.318747,0.819618,0.532764,0.893384
0.621946,0.820495,-5.003332,4.149309,0.341471,-0.070284,0.456944
0.614040,-0.398228,-4.414158,2.455092,-0.347106,-0.546968,-0.018567
0.593531,-2.176779,-0.924152,-1.659894,-0.650673,-0.404864,-0.252880
0.588337,-1.311664,1.625660,-2.325256,-0.392408,0.102805,-0.141517
0.602213,0.859394,1.524392,0.000976,-0.083313,0.334049,0.177753
0.619361,1.119256,0.036808,1.431921,-0.016234,0.249844,0.361018
0.637042,0.475323,-1.076842,1.698259,-0.062956,0.131498,0.274022
0.657931,0.606850,-0.778807,1.311207,-0.128640,-0.002555,0.130862
0.672843,0.345025,0.438933,-0.099108,-0.125258,-0.081853,0.131074
0.675624,-0.664933,0.423689,-0.527308,-0.019927,0.030122,0.177737
0.677916,-0.791938,-1.665747,1.176746,-0.062725,0.080986,0.023260
0.689962,-0.327510,-3.429186,1.669704,-0.342475,-0.165710,-0.430922
0.703159,-1.160784,-2.123783,-1.007598,-0.458147,-0.329300,-1.023268
0.706038,-1.927637,2.095311,-3.460496,-0.169178,-0.063230,-1.324987
0.700868,0.313594,5.847553,-2.618658,0.225545,0.174774,-0.839842
0.698237,3.094466,4.875030,-0.078251,0.400723,-0.141096,0.297124
0.708966,1.264255,-0.662228,1.001681,0.287484,-0.640572,1.084749
0.735261,-3.555887,-4.703703,0.037101,-0.027997,-0.629328,0.818380
0.761437,-5.109831,-3.339063,-1.021855,-0.265588,-0.096949,-0.000425
0.770997,-1.908050,-0.178692,-0.621833,-0.193311,0.394572,-0.504206
0.772006,2.606509,0.602042,0.753991,0.000532,0.345608,-0.427224
0.778817,4.790472,0.270651,1.582278,0.049727,-0.253464,0.046869
0.783414,2.838394,1.014203,0.954203,0.081901,-0.791788,0.506023
0.777677,-0.699712,1.907563,-0.279120,0.287114,-0.730115,0.515103
0.770798,-1.305655,1.769903,-0.482788,0.513795,-0.376709,0.254137
0.753951,-0.407424,0.830836,0.003449,0.554560,-0.180689,0.240632
0.704998,-2.004392,-0.681890,-0.322747,0.453795,0.142973,0.234008
0.647975,-2.756003,-1.593634,-1.003112,0.324608,0.759132,-0.236487
0.634450,1.413641,-0.076925,-1.123409,0.157763,1.042489,-0.548441
0.667062,5.146748,2.345717,-1.190551,-0.087105,0.723321,0.085885
0.708253,3.288324,2.180236,-0.616869,-0.361367,0.417282,1.050480
0.737222,0.060492,-0.710060,1.952548,-0.560877,0.362527,1.242466
0.754193,-0.430966,-4.283121,5.119984,-0.681412,0.021552,0.592636
0.764565,-0.206410,-6.299363,5.765155,-0.833412,-0.640812,-0.295893
0.774270,-0.619286,-3.539514,2.895256,-0.963027,-0.859220,-0.937565
0.780542,-0.470126,2.971051,-0.918804,-0.778307,-0.454370,-0.980233
0.777327,-0.050416,6.158748,-2.200513,-0.198861,-0.239459,-0.348534
0.769806,-1.027687,3.447943,-1.507245,0.379318,-0.487206,0.468589
0.764531,-3.557376,-0.129433,-1.832285,0.531805,-0.276816,0.786515
0.758926,-4.351067,-1.802676,-1.523566,0.289738,0.725159,0.434944
0.754481,-0.355389,-3.062110,2.418816,-0.043563,1.248118,-0.147035
0.760012,4.173031,-3.653193,5.657298,-0.311460,0.521821,-0.503464
0.774767,3.419661,-2.116910,3.179434,-0.496393,-0.299888,-0.543844
0.786796,1.345902,0.879838,-0.591889,-0.525903,-0.347938,-0.319938
0.789330,3.082425,3.350871,-0.287795,-0.348909,-0.435976,0.121774
0.786095,3.872602,3.495811,1.189799,-0.087851,-0.950636,0.551878
0.782487,0.529442,1.038017,0.640244,0.035727,-1.026366,0.656224
0.779972,-2.055005,-1.662618,-0.185999,-0.112711,-0.444286,0.373503
0.779443,-2.617813,-2.172537,-0.675633,-0.444412,0.149006,-0.102742
0.783876,-3.556550,-1.027483,-1.603273,-0.637041,0.523227,-0.466810
0.791717,-2.668194,-0.023663,-1.411079,-0.435452,0.636717,-0.442038
0.793287,0.961375,0.454260,0.409156,-0.035435,0.296479,-0.094603
0.784051,2.893661,0.826997,1.483037,0.146978,-0.219870,0.216517
0.772665,1.484043,0.826395,0.870439,0.079527,-0.419708,0.332625
0.764387,-0.601074,-0.065435,-0.187516,0.039543,-0.283577,0.338911
0.752603,-1.917451,-0.844418,-1.183818,0.066077,0.042653,0.282020
0.736862,-1.976319,0.335544,-2.132180,0.012776,0.468923,0.240695
0.726712,-0.422423,2.535303,-2.208175,-0.008081,0.703768,0.357054
0.722891,0.981362,2.210107,-0.406283,0.226625,0.558366,0.571957
0.717225,0.722137,-1.934811,3.092798,0.488282,0.149992,0.579472
0.709187,0.079947,-6.865217,5.776828,0.241152,-0.435020,0.127315
0.708438,0.304891,-7.497766,4.685091,-0.450050,-0.913554,-0.589185
0.723782,1.009067,-1.921676,1.026630,-0.811918,-0.775793,-0.896419
0.750440,1.323267,4.083035,-1.070110,-0.537530,-0.223659,-0.428294
0.771700,0.440623,3.515425,-0.768381,-0.231145,0.027069,0.233313
0.780429,-0.898626,-0.955184,-0.166098,-0.293085,0.015410,0.342549
0.785434,-0.938725,-2.001688,0.021219,-0.363124,0.194025,-0.023003
0.790112,-0.247774,0.263758,-0.002216,-0.125727,0.420447,-0.395217
0.786258,0.083020,1.436187,-0.138168,0.265708,0.376426,-0.597295
0.773573,1.336196,1.505826,0.151366,0.567565,0.071032,-0.493786
0.766172,3.028695,1.737521,0.603813,0.590706,-0.394271,0.051936
0.774801,1.945767,0.189644,0.657984,0.201404,-0.783113,0.673537
0.791248,-1.604290,-2.743325,0.518065,-0.410499,-0.755609,0.784033
0.798853,-3.890313,-2.041444,-0.996943,-0.711034,-0.268998,0.425121
0.798453,-3.810268,2.607672,-4.198508,-0.368236,0.461054,0.123342
0.801308,-2.977471,4.437387,-4.745365,0.289735,1.170885,0.012668
0.790944,-1.927208,1.445147,-0.617572,0.663224,1.507162,-0.189261
0.737706,-0.040895,-0.861093,2.958131,0.645827,1.269092,-0.454018
0.659314,2.009192,-0.565494,2.705959,0.575702,0.692448,-0.451399
0.607171,2.387135,-0.805941,1.547634,0.598418,0.178182,-0.224132
0.594561,1.109047,-1.791961,1.294803,0.591580,-0.068709,-0.138659
0.596059,0.334134,-1.579836,1.116594,0.480399,-0.079303,-0.258885
0.598740,0.832164,-0.514216,0.894620,0.269174,-0.012892,-0.334250
0.609346,1.118279,0.468586,0.329505,0.027567,0.023128,-0.232238
0.630531,0.423980,0.881603,-0.541065,-0.098273,0.033655,-0.049377
0.652596,-0.173108,-0.226673,-0.069950,-0.103187,-0.015169,0.037315
0.665442,-0.194927,-2.385522,1.396163,-0.179466,-0.176168,-0.084679
0.673014,-0.992879,-3.508943,1.072004,-0.398951,-0.311037,-0.425690
0.681697,-1.946530,-2.163708,-0.843319,-0.560348,-0.205596,-0.867286
0.683844,0.592198,1.963525,-1.320398,-0.433624,0.015714,-0.987630
0.679436,5.302762,6.192664,-0.087218,-0.070017,-0.060460,-0.370287
0.689173,5.231102,5.185664,0.697149,0.179829,-0.491622,0.576057
0.718383,0.236962,-0.630846,0.615250,0.067712,-0.805164,0.953836
0.744647,-3.312915,-3.865519,0.165249,-0.221959,-0.623572,0.630239
0.755125,-4.522834,-2.269355,-0.860627,-0.357584,-0.030315,0.096987
0.756132,-4.386128,-0.933814,-1.250610,-0.288202,0.573007,-0.420883
0.752756,-0.182919,-1.254589,0.315176,-0.192773,0.667561,-0.733144
0.751909,5.464645,0.120778,1.646885,-0.173660,0.078448,-0.481048
0.759672,5.639146,2.986214,0.666095,-0.090167,-0.733195,0.245250
0.762000,1.326296,3.903259,-0.505142,0.226794,-1.202217,0.854709
0.747902,-1.618209,2.428471,-0.067159,0.578719,-1.173325,0.899661
0.735585,-2.090756,0.877415,0.388927,0.638383,-0.767292,0.465456
0.727032,-2.564290,0.067626,-0.220152,0.550340,-0.136191,-0.015317
0.686236,-4.203930,-0.465881,-1.028542,0.612421,0.615572,-0.347532
0.611669,-4.472856,-0.042115,-1.385186,0.628422,1.269711,-0.595262
0.561277,-0.295870,1.503552,-1.113970,0.324282,1.378546,-0.462166
0.572388,4.711016,1.941785,-0.189908,-0.129598,0.815261,0.350800
0.621944,4.005587,-0.020024,1.050521,-0.539224,0.156613,1.238660
0.672049,-0.416905,-2.312165,2.210089,-0.903671,-0.108433,1.336521
0.707110,-1.659778,-3.020878,2.513981,-1.084209,-0.212370,0.707546
0.729519,-0.614153,-2.587535,0.895050,-0.951236,-0.408683,-0.055318
0.741456,-2.270174,-1.066076,-1.946808,-0.614601,-0.379385,-0.681256
0.739801,-3.266754,2.089434,-2.990427,-0.172665,0.010387,-0.971835
0.730361,1.721681,4.904031,-0.818235,0.261093,0.101382,-0.593669
0.729040,5.909400,4.198981,1.466070,0.387445,-0.518240,0.264021
0.741325,1.013584,0.213162,0.776746,0.090948,-1.054765,0.798596
0.757793,-5.958934,-3.158288,-0.964894,-0.340128,-0.643731,0.582307
0.770335,-5.362328,-2.766610,-0.917166,-0.568065,0.313881,-0.022749
0.779214,-1.023932,0.398122,-0.233703,-0.462453,0.899469,-0.508595
0.786925,0.977600,2.702996,-0.440915,-0.127842,0.899206,-0.603599
0.793058,2.425601,2.395966,-0.273534,0.130927,0.583975,-0.218516
0.795317,3.887361,0.951174,0.762586,0.090460,0.136066,0.413726
0.794047,2.170983,-0.251518,1.135535,-0.129689,-0.233044,0.821394
0.792562,-1.149988,-1.756159,0.820504,-0.265652,-0.315525,0.745962
0.791582,-1.486586,-3.077215,0.988178,-0.261512,-0.291600,0.300793
0.789688,0.501831,-1.588288,0.861582,-0.224890,-0.490241,-0.167469
0.790011,1.110973,2.112267,-0.327082,-0.167043,-0.797295,-0.281246
0.796184,-0.107469,2.869692,-0.944922,-0.106121,-0.837205,-0.006992
0.804566,-1.761663,-0.307845,-0.493281,-0.233902,-0.529209,0.235141
0.812382,-3.657081,-1.968709,-0.863601,-0.525400,-0.028801,0.068030
0.820611,-4.995750,0.127655,-1.967121,-0.548844,0.579201,-0.430617
0.818921,-3.493385,3.011474,-1.949011,-0.099135,1.184907,-0.843503
0.795523,0.710178,4.969019,-1.130373,0.544332,1.510729,-0.767455
0.763093,3.629872,4.766520,-0.132270,1.097758,1.335051,-0.241617
0.736617,3.118784,0.963584,1.992626,1.323020,0.706910,0.223756
0.705045,1.160911,-3.102733,3.541961,0.974823,-0.099286,0.326222
0.664294,-1.039189,-3.165737,1.377573,0.292278,-0.622894,0.271438
0.636609,-2.852907,-1.153260,-1.972227,-0.120046,-0.496626,0.224908
0.629999,-1.949062,-0.196130,-1.803683,-0.082550,0.025060,0.147471
0.627866,0.814379,0.145753,0.602168,0.145034,0.350612,0.101887
0.623504,1.821643,-0.060056,1.974100,0.335077,0.354572,0.106254
0.624078,1.437939,-0.894636,2.191371,0.334253,0.231990,0.039209
0.631495,1.068823,-0.349046,0.880475,0.127466,0.058398,-0.047630
0.642384,-0.430926,1.156688,-1.511370,-0.031509,0.013736,-0.031829
0.654402,-1.539603,0.202408,-1.029782,0.027402,0.209698,-0.035262
0.664887,-0.227801,-3.056630,2.419572,0.059035,0.272402,-0.242204
0.672381,0.350214,-4.726365,2.919196,-0.218365,0.000144,-0.628690
0.681782,-0.357751,-2.665528,-0.354419,-0.573724,-0.175046,-0.898211
0.698985,2.435421,1.960089,-1.576335,-0.507848,-0.150808,-0.596765
0.720315,6.157476,5.123597,0.321416,-0.051407,-0.426467,0.290238
0.740379,2.847785,2.617276,1.007127,0.188698,-0.902740,1.003211
0.762518,-5.002069,-3.414132,-0.264611,-0.096822,-0.809857,0.850262
0.784957,-8.303654,-5.494607,-0.964934,-0.528125,-0.013646,0.002643
0.795471,-4.998782,-1.120808,-0.792916,-0.614703,0.794286,-0.830532
0.792946,1.315746,4.515760,-0.853157,-0.282823,1.027682,-0.951693
0.789487,6.080512,6.026906,-0.809766,0.170447,0.645956,-0.122452
0.788853,5.313303,2.732741,0.350257,0.368417,0.013730,0.982461
0.786898,0.807554,-2.045654,2.091366,0.166454,-0.443926,1.337930
0.785744,-1.962311,-4.293554,2.395295,-0.219780,-0.565958,0.808036
0.788993,-2.668957,-3.314495,0.670219,-0.459363,-0.400458,0.100098
0.793965,-3.147132,-1.450870,-1.057605,-0.444243,-0.098951,-0.316269
0.797435,-1.036310,0.102688,-1.019405,-0.295643,-0.011844,-0.433497
0.797553,3.445750,1.779985,0.087201,-0.112526,-0.387722,-0.250594
0.791396,4.307709,2.842895,0.560607,0.106514,-0.901155,0.149423
0.781375,0.315979,2.202673,-0.151833,0.315825,-0.985127,0.467932
0.774786,-3.452136,0.654728,-1.273708,0.425472,-0.466969,0.559573
0.771793,-4.971737,-0.803785,-1.554112,0.411872,0.429012,0.462499
0.770208,-4.206139,-2.227639,-0.243280,0.235621,1.187570,0.135373
0.777297,-0.005152,-2.881051,1.548517,-0.147508,1.160904,-0.264761
0.795691,4.014002,-1.979966,1.563223,-0.567024,0.376640,-0.345277
0.811892,2.815194,-0.550126,-0.192252,-0.765294,-0.295972,-0.128705
0.817064,-0.480936,0.766638,-1.306889,-0.725791,-0.421925,0.011494
0.817996,-0.856395,2.339029,-0.968039,-0.518713,-0.474808,0.025472
0.816698,-0.356265,2.963252,-0.658745,-0.056692,-0.666577,0.040892
0.802569,-1.704634,1.809502,-0.858494,0.602076,-0.574692,-0.006440
0.771919,-2.699629,0.787083,-0.560939,1.022229,-0.127485,-0.130525
0.738330,-1.698338,0.997032,-0.258087,0.901164,0.249489,-0.197421
0.718886,-0.229380,1.807156,-1.858482,0.560160,0.466036,-0.060791
0.719420,0.866938,3.486055,-4.555714,0.487907,0.753361,0.431476
