timestamp,pressure_value,linear_accel_x,linear_accel_y,linear_accel_z,gyro_x,gyro_y,gyro_z,orientation_r,orientation_i,orientation_j,orientation_k
0.01866769790649414,0.430054,0.675781,0.101563,0.523437,0.039063,-0.337891,-0.253906,0.567505,-0.570557,0.110718,-0.583252
0.038521766662597656,0.273438,0.835937,-0.367188,0.089844,0.068359,-0.261719,-0.103516,0.566650,-0.572510,0.107117,-0.582825
0.05881524085998535,0.263672,0.523437,-0.351563,0.074219,0.132812,-0.228516,0.035156,0.566711,-0.573914,0.104370,-0.581909
0.07865715026855469,0.258179,0.191406,-0.398438,-0.101563,0.091797,0.050781,0.136719,0.567749,-0.574463,0.102600,-0.580627
0.09907150268554688,0.368042,0.890625,-0.589844,-0.140625,0.119141,0.101563,0.087891,0.569031,-0.573669,0.102905,-0.580139
0.11907410621643066,0.465820,-0.273438,-0.160156,-1.238281,0.000000,0.201172,0.066406,0.570129,-0.572266,0.103455,-0.580322
0.1387925148010254,0.550049,0.515625,-0.238281,-0.386719,-0.484375,0.175781,0.027344,0.570007,-0.571350,0.105164,-0.580994
0.15907692909240723,0.676270,-0.390625,-0.406250,3.160156,-0.546875,0.091797,-0.011719,0.567200,-0.573059,0.109192,-0.581360
0.17914271354675293,0.681519,0.203125,0.054687,1.546875,-0.349609,0.238281,-0.089844,0.563782,-0.575378,0.113037,-0.581604
0.19913506507873535,0.684204,-0.257813,0.230469,-1.472656,-0.359375,0.238281,-0.212891,0.560730,-0.576233,0.116028,-0.583130
0.21945762634277344,0.680664,-0.800781,0.343750,0.304688,-0.175781,-0.001953,-0.113281,0.557373,-0.577026,0.118042,-0.585205
0.23923325538635254,0.681641,-0.824219,0.117188,-0.085937,-0.085937,-0.167969,-0.001953,0.555664,-0.578125,0.118469,-0.585632
0.2591826915740967,0.685059,1.128906,-0.105469,0.093750,-0.060547,0.050781,0.253906,0.555298,-0.579468,0.118225,-0.584717
0.27928924560546875,0.699585,2.316406,-1.171875,-0.566406,0.074219,0.429687,0.626953,0.556458,-0.578979,0.120667,-0.583618
0.29920244216918945,0.702515,3.414063,-0.542969,-0.605469,0.175781,0.191406,0.599609,0.559937,-0.575562,0.125854,-0.582581
0.3195078372955322,0.698608,-1.503906,0.468750,-0.574219,0.244141,0.058594,0.501953,0.563843,-0.572937,0.129211,-0.580627
0.3389856815338135,0.696045,0.007813,0.242187,-0.117188,0.214844,0.253906,0.425781,0.567993,-0.570435,0.131287,-0.578613
0.3593471050262451,0.686279,-0.214844,0.121094,-0.019531,0.220703,0.324219,0.214844,0.571472,-0.567017,0.133850,-0.577881
0.37927818298339844,0.679443,-0.601562,0.449219,-0.816406,0.082031,0.179687,-0.056641,0.573486,-0.563721,0.135559,-0.578735
0.39960646629333496,0.673340,-2.304688,0.710937,0.554687,-0.314453,-0.144531,-0.349609,0.573181,-0.562500,0.135925,-0.580139
0.4192922115325928,0.660278,-2.710938,0.585937,2.027344,-0.445312,-0.324219,-0.572266,0.569763,-0.565430,0.134888,-0.580933
0.439406156539917,0.667358,-1.308594,0.218750,0.273438,-0.208984,-0.044922,-0.107422,0.564819,-0.570129,0.132751,-0.581665
0.45952367782592773,0.683960,3.070313,-0.714844,-0.843750,-0.097656,0.093750,0.097656,0.562805,-0.571838,0.132874,-0.581848
0.4795684814453125,0.708862,1.664063,-0.402344,-1.066406,-0.058594,0.255859,0.271484,0.562744,-0.571655,0.134521,-0.581726
0.4995546340942383,0.721069,1.816406,-0.425781,-0.183594,0.007813,0.300781,0.271484,0.563599,-0.570129,0.138062,-0.581604
0.519362211227417,0.738525,-1.101563,0.035156,-1.281250,-0.128906,0.185547,0.255859,0.564758,-0.568054,0.141663,-0.581665
0.5396456718444824,0.768433,0.410156,0.066406,0.734375,-0.416016,0.095703,0.044922,0.565308,-0.567139,0.144775,-0.581238
0.5601391792297363,0.771240,-0.355469,0.050781,0.250000,-0.564453,-0.144531,-0.394531,0.563049,-0.568848,0.147766,-0.580994
0.5797755718231201,0.767700,-2.496094,0.679687,-0.765625,-0.443359,-0.087891,-0.478516,0.558044,-0.572998,0.148254,-0.581665
0.5998094081878662,0.758911,-0.152344,0.214844,-0.343750,-0.439453,-0.353516,-0.404297,0.552734,-0.576965,0.147522,-0.582947
0.6198480129241943,0.751953,-0.390625,0.273438,1.062500,-0.185547,-0.250000,-0.029297,0.548584,-0.581726,0.146179,-0.582520
0.6399011611938477,0.742310,2.742188,-0.500000,-0.929687,-0.015625,-0.230469,-0.111328,0.547363,-0.584412,0.145447,-0.581055
0.6598055362701416,0.730469,-0.882812,-0.039063,-1.800781,0.337891,-0.023437,-0.089844,0.547119,-0.585815,0.143677,-0.580383
0.6798009872436523,0.722900,-0.101563,-0.246094,-2.468750,0.216797,0.103516,0.160156,0.548401,-0.584534,0.141296,-0.581055
0.69954514503479,0.737183,0.750000,-0.617187,0.472656,-0.011719,0.494141,0.701172,0.550659,-0.582214,0.141846,-0.581116
0.7196640968322754,0.761719,4.390625,-0.921875,1.105469,-0.412109,0.667969,0.611328,0.553589,-0.578674,0.148376,-0.580261
0.7399392127990723,0.794678,-0.027344,0.421875,1.621094,-0.898437,0.164062,-0.078125,0.553406,-0.576721,0.157654,-0.579895
0.7598562240600586,0.797974,-4.507812,0.796875,1.882813,-0.388672,-0.302734,-0.767578,0.547729,-0.580505,0.163086,-0.580017
0.7799286842346191,0.793945,-6.011719,0.945312,-2.550781,1.042969,0.089844,-1.130859,0.541809,-0.584778,0.159363,-0.582275
0.7999367713928223,0.778931,-0.949219,-1.886719,-6.382812,1.644531,0.449219,-1.166016,0.540710,-0.580872,0.147705,-0.590271
0.8199009895324707,0.765015,1.828125,-2.722656,-3.390625,1.443359,0.855469,-0.458984,0.542786,-0.570740,0.134277,-0.601318
0.8399403095245361,0.750244,3.933594,1.027344,-0.195312,-0.083984,0.318359,-0.291016,0.546204,-0.559448,0.127625,-0.610229
0.8600740432739258,0.679443,-0.375000,2.601563,9.179688,-0.617187,-0.283203,-0.134766,0.543945,-0.557922,0.127808,-0.613586
0.8802840709686279,0.637817,-2.664063,2.527344,5.187500,-0.257813,-0.302734,0.236328,0.540344,-0.562622,0.129211,-0.612183
0.900294303894043,0.604126,0.957031,2.871094,-3.320313,0.048828,-0.230469,0.390625,0.540588,-0.565552,0.130554,-0.609009
0.9203677177429199,0.559570,0.421875,2.835938,-2.062500,0.111328,-0.375000,0.363281,0.543396,-0.566345,0.131287,-0.605652
0.9404380321502686,0.556152,0.578125,1.640625,0.554687,0.232422,-0.527344,-0.078125,0.546509,-0.567444,0.130432,-0.601990
0.9601180553436279,0.559448,-1.308594,-2.527344,3.109375,0.513672,-0.322266,0.005859,0.548401,-0.569153,0.125916,-0.599548
0.9803569316864014,0.560791,1.910156,-0.261719,-1.421875,0.414062,0.066406,0.177734,0.551514,-0.568359,0.121399,-0.598389
1.0004332065582275,0.568848,1.382813,1.324219,-1.328125,-0.222656,-0.232422,0.236328,0.554626,-0.565918,0.120239,-0.598022
1.0206432342529297,0.578247,0.035156,2.144531,1.996094,-0.371094,-0.527344,0.222656,0.555298,-0.567993,0.121460,-0.595215
1.0402822494506836,0.598145,-1.183594,1.386719,2.355469,-0.230469,-0.197266,0.074219,0.554932,-0.572632,0.122131,-0.590942
1.0605981349945068,0.619873,-0.160156,-1.953125,-0.582031,0.033203,0.144531,0.285156,0.554565,-0.574829,0.122925,-0.588989
1.0803852081298828,0.624756,1.558594,-0.550781,-1.457031,-0.228516,0.025391,0.306641,0.555908,-0.573914,0.125183,-0.588135
1.1001660823822021,0.630493,0.195312,0.714844,1.226563,-0.484375,-0.279297,0.248047,0.556396,-0.574707,0.128357,-0.586243
1.1205203533172607,0.665039,-0.769531,0.992187,2.175781,-0.232422,-0.205078,-0.236328,0.555237,-0.578308,0.130920,-0.583191
1.140873908996582,0.685913,-2.769531,-1.703125,-2.632813,-0.320313,-0.160156,-0.167969,0.552917,-0.581299,0.130615,-0.582458
1.1606879234313965,0.698975,1.675781,0.269531,0.371094,-0.175781,-0.320313,-0.152344,0.550415,-0.584229,0.130249,-0.582031
1.1808972358703613,0.708618,0.066406,-0.113281,-0.792969,-0.007813,-0.298828,-0.156250,0.548828,-0.587158,0.128662,-0.580933
1.200709342956543,0.706421,-0.320313,0.187500,-0.429687,0.248047,-0.310547,-0.095703,0.548279,-0.589172,0.126099,-0.579956
1.2210803031921387,0.702515,-0.281250,-0.554687,-0.960937,0.572266,0.050781,0.332031,0.549927,-0.589417,0.122559,-0.578918
1.2409653663635254,0.700806,2.789063,-1.109375,-1.773438,0.464844,0.417969,0.544922,0.555054,-0.585632,0.121704,-0.578064
1.2609350681304932,0.708374,3.230469,-0.703125,-0.664062,0.236328,0.341797,0.292969,0.560242,-0.580139,0.124268,-0.578003
1.2806451320648193,0.718872,-1.167969,0.394531,0.132812,0.003906,0.541016,0.175781,0.562927,-0.576233,0.126648,-0.578796
1.3009858131408691,0.731323,0.273438,0.292969,1.476563,-0.761719,0.089844,-0.369141,0.562866,-0.573425,0.130371,-0.580811
1.3208696842193604,0.739746,-3.546875,1.000000,4.335937,-0.451172,-0.097656,-0.255859,0.557068,-0.576904,0.132996,-0.582397
1.3410823345184326,0.748291,-1.964844,0.464844,0.500000,-0.130859,-0.041016,0.074219,0.553040,-0.580261,0.133728,-0.582764
1.3608794212341309,0.755737,2.695313,-0.531250,-1.261719,0.105469,0.343750,0.863281,0.552856,-0.581055,0.135010,-0.581848
1.380767583847046,0.764893,6.625000,-1.796875,-1.492188,0.318359,0.501953,0.904297,0.557434,-0.577759,0.140442,-0.579468
1.4010789394378662,0.763550,-0.019531,-0.148437,-2.574219,0.343750,0.621094,0.978516,0.563843,-0.571716,0.147095,-0.577576
1.420841932296753,0.757690,0.992187,0.390625,0.312500,0.306641,0.187500,0.441406,0.569824,-0.565491,0.153320,-0.576233
1.440673589706421,0.749512,-0.835937,0.773437,-0.386719,0.298828,0.359375,0.234375,0.573486,-0.562012,0.155457,-0.575439
1.4608759880065918,0.753296,0.375000,0.332031,-1.972656,-0.138672,0.033203,-0.330078,0.575623,-0.558350,0.157043,-0.576416
1.4812417030334473,0.757812,-2.972656,0.707031,2.078125,-0.578125,-0.306641,-0.667969,0.573181,-0.559082,0.156433,-0.578247
1.5011439323425293,0.758667,-4.335937,0.300781,4.074219,-0.294922,-0.154297,-0.841797,0.566589,-0.564819,0.154114,-0.579834
1.521296501159668,0.756104,-0.714844,-0.925781,-3.601563,0.281250,0.103516,-0.667969,0.560486,-0.568359,0.150330,-0.583252
1.5410809516906738,0.753662,1.382813,-1.160156,-2.300781,0.287109,0.080078,-0.361328,0.557861,-0.567505,0.145752,-0.587769
1.5614566802978516,0.747070,1.847656,0.265625,0.933594,0.142578,-0.228516,-0.244141,0.557129,-0.566101,0.142273,-0.590698
1.5812406539916992,0.737183,-0.390625,1.214844,0.558594,-0.341797,-0.525391,-0.017578,0.556641,-0.567139,0.139099,-0.590942
1.6016647815704346,0.736572,0.375000,1.445313,3.101563,-0.550781,-0.615234,-0.019531,0.555298,-0.572021,0.137878,-0.587708
1.6213314533233643,0.735596,-0.238281,0.164062,1.894531,-0.166016,-0.179687,-0.138672,0.552856,-0.578064,0.137268,-0.584229
1.6414897441864014,0.739136,-1.207031,-2.699219,-2.378906,0.015625,0.125000,0.115234,0.551270,-0.580261,0.136963,-0.583618
1.6613690853118896,0.744751,3.746094,-0.242187,-1.445313,0.187500,0.132812,0.316406,0.551880,-0.579407,0.138245,-0.583618
1.681490421295166,0.753906,1.746094,-0.769531,-0.902344,0.212891,0.216797,0.595703,0.554687,-0.577148,0.139954,-0.582825
1.7013623714447021,0.770752,1.449219,-0.578125,-0.265625,0.205078,0.322266,0.496094,0.558899,-0.573853,0.143250,-0.581238
1.7214961051940918,0.772827,-0.019531,0.113281,-0.511719,-0.025391,0.279297,0.193359,0.562134,-0.570435,0.146545,-0.580688
1.741739273071289,0.772583,-2.289063,0.558594,0.589844,-0.474609,-0.101563,-0.203125,0.562439,-0.568970,0.149231,-0.581116
1.7615904808044434,0.767822,-2.863281,0.886719,2.949219,-0.531250,-0.423828,-0.421875,0.559082,-0.572083,0.150024,-0.581055
1.7814359664916992,0.757446,-1.363281,0.648437,0.722656,-0.345703,-0.347656,-0.382813,0.554443,-0.577759,0.148499,-0.580261
1.8015787601470947,0.747070,0.160156,0.144531,-0.546875,-0.125000,-0.097656,-0.083984,0.550720,-0.582275,0.146729,-0.579773
1.8215305805206299,0.751221,1.417969,-0.636719,-1.671875,-0.009766,0.132812,0.087891,0.549561,-0.583679,0.146240,-0.579590
1.8414373397827148,0.753906,1.492188,-0.828125,-0.171875,0.048828,0.394531,0.427734,0.549866,-0.582886,0.147766,-0.579712
1.8618950843811035,0.758545,2.429688,-0.605469,-0.929687,0.107422,0.453125,0.328125,0.551880,-0.579773,0.152100,-0.579773
1.8818130493164062,0.771118,0.253906,0.230469,-1.175781,-0.152344,0.328125,0.101563,0.553589,-0.576233,0.155945,-0.580627
1.9019246101379395,0.774414,-1.261719,0.597656,0.625000,-0.357422,-0.115234,-0.255859,0.552734,-0.575256,0.158875,-0.581665
1.9218599796295166,0.773804,-2.531250,0.828125,1.882813,-0.412109,-0.322266,-0.359375,0.549500,-0.578064,0.159119,-0.581848
1.9421546459197998,0.771484,-0.757812,0.398438,0.816406,-0.169922,-0.146484,-0.156250,0.545898,-0.582275,0.157715,-0.581482
1.9619805812835693,0.777954,0.796875,-0.566406,-1.753906,0.019531,0.001953,0.021484,0.544250,-0.584290,0.156860,-0.581177
1.9818055629730225,0.783691,1.242188,-0.613281,-1.585938,0.109375,0.328125,0.431641,0.544556,-0.583984,0.157227,-0.581116
2.002092123031616,0.790039,3.433594,-0.511719,-0.929687,0.121094,0.500000,0.541016,0.546997,-0.580933,0.160828,-0.580933
2.0221333503723145,0.797852,1.812500,-0.242187,-0.945312,-0.269531,0.378906,-0.091797,0.549438,-0.576904,0.165649,-0.581238
2.0419716835021973,0.795898,-3.296875,0.171875,0.968750,-0.091797,0.199219,-0.951172,0.546753,-0.576355,0.168274,-0.583496
2.0619051456451416,0.793823,-7.007812,0.167969,2.335938,0.498047,0.451172,-0.574219,0.541016,-0.576721,0.165100,-0.589417
2.08215594291687,0.783936,3.917969,-0.765625,-0.847656,0.662109,0.406250,-0.427734,0.539429,-0.572632,0.161011,-0.596008
2.102238416671753,0.771851,0.031250,-0.316406,-0.789062,0.421875,0.326172,-0.185547,0.539917,-0.567322,0.157104,-0.601624
2.122343063354492,0.750610,0.925781,0.769531,0.160156,-0.347656,-0.183594,-0.134766,0.540344,-0.563904,0.155334,-0.604919
2.142158031463623,0.687256,-0.160156,2.171875,3.976563,-0.728516,-0.527344,-0.156250,0.537964,-0.566833,0.155579,-0.604248
2.1622824668884277,0.677002,-0.589844,1.812500,1.531250,-0.363281,-0.337891,-0.082031,0.533936,-0.573669,0.156189,-0.601196
2.182192087173462,0.674683,0.742187,0.371094,-2.347656,0.232422,0.013672,-0.011719,0.531921,-0.577637,0.156067,-0.599243
2.2027924060821533,0.687744,1.757813,-1.964844,-2.707031,0.197266,-0.132812,-0.150391,0.532715,-0.576965,0.154724,-0.599487
2.2223334312438965,0.689941,0.250000,-1.750000,0.632812,0.273438,-0.144531,-0.001953,0.533447,-0.576660,0.152100,-0.599792
2.242279529571533,0.688477,1.000000,0.832031,-0.960937,0.285156,-0.103516,0.031250,0.535095,-0.576172,0.149597,-0.599426
2.2623977661132812,0.681885,-0.273438,0.468750,-0.417969,0.050781,0.019531,0.142578,0.536987,-0.575195,0.147827,-0.599121
2.2825558185577393,0.674683,1.113281,0.093750,0.820312,-0.312500,-0.093750,0.130859,0.537964,-0.574829,0.148315,-0.598511
2.3024303913116455,0.680298,-0.632812,0.265625,1.382813,-0.416016,-0.175781,0.093750,0.537170,-0.576660,0.150330,-0.596863
2.322333574295044,0.690796,-0.800781,0.378906,0.257813,-0.371094,-0.236328,-0.162109,0.535522,-0.579895,0.152527,-0.594666
2.3424196243286133,0.714600,-1.167969,-0.292969,0.734375,-0.212891,-0.308594,-0.107422,0.533142,-0.583618,0.152527,-0.593201
2.3628392219543457,0.716431,-0.410156,-0.875000,-1.304688,0.246094,-0.296875,-0.017578,0.531860,-0.586548,0.151062,-0.591797
2.382542133331299,0.711426,0.792969,-0.156250,-0.925781,0.566406,0.056641,0.123047,0.533691,-0.586731,0.148315,-0.590698
2.402357339859009,0.712524,0.570312,-0.585937,-1.601563,0.343750,0.410156,0.402344,0.537720,-0.583191,0.146423,-0.591064
2.422544002532959,0.726562,2.808594,-0.664062,0.324219,0.001953,0.376953,0.339844,0.541199,-0.578735,0.148499,-0.591736
2.4427764415740967,0.750244,-0.292969,0.011719,1.878906,-0.085937,0.517578,0.234375,0.542664,-0.575806,0.152466,-0.592224
2.4628286361694336,0.777100,0.695312,0.234375,0.078125,-0.626953,0.111328,-0.201172,0.542297,-0.573425,0.157043,-0.593628
2.482649087905884,0.775146,-2.917969,1.222656,3.773438,-0.544922,-0.156250,-0.396484,0.537781,-0.575928,0.160156,-0.594482
2.502779960632324,0.766357,-1.097656,0.839844,-0.261719,-0.322266,-0.412109,-0.371094,0.532837,-0.580200,0.160217,-0.594788
2.5227763652801514,0.737061,0.328125,0.175781,-1.097656,-0.017578,-0.345703,-0.244141,0.529480,-0.584656,0.157898,-0.594055
2.542720079421997,0.727173,0.523437,-0.890625,-1.937500,0.001953,-0.203125,-0.064453,0.528320,-0.587341,0.154968,-0.593262
2.562718152999878,0.724609,0.187500,-0.792969,0.335938,0.193359,0.003906,0.222656,0.528320,-0.588562,0.153320,-0.592468
2.582714796066284,0.727905,0.753906,-0.792969,-1.226563,0.259766,0.269531,0.744141,0.530823,-0.587097,0.153748,-0.591553
2.602886199951172,0.752441,4.480469,-1.281250,-1.902344,0.062500,0.205078,0.720703,0.536194,-0.583008,0.157837,-0.589600
2.6229376792907715,0.764771,-0.445312,0.398438,1.261719,-0.009766,0.328125,0.578125,0.540527,-0.580078,0.163086,-0.587097
2.643085241317749,0.767700,-0.394531,0.882812,-0.214844,0.056641,0.408203,0.134766,0.543213,-0.577271,0.168091,-0.585999
2.6629676818847656,0.774536,-2.507813,0.875000,-1.375000,-0.330078,-0.044922,-0.367188,0.543579,-0.574646,0.170593,-0.587524
2.6831626892089844,0.774170,-2.203125,0.683594,1.335938,-0.289063,-0.318359,-0.541016,0.539917,-0.576965,0.170227,-0.588745
2.703310251235962,0.774292,0.539062,-0.238281,-1.335938,-0.250000,-0.242187,-0.298828,0.535522,-0.581299,0.167542,-0.589233
2.722987413406372,0.765625,0.882812,-0.328125,0.796875,-0.187500,-0.181641,-0.101563,0.532715,-0.584534,0.165955,-0.589050
2.7433035373687744,0.759155,0.527344,-0.343750,0.046875,0.001953,-0.005859,0.080078,0.531250,-0.586792,0.165466,-0.588318
2.7629923820495605,0.747925,1.285156,-0.375000,-0.343750,0.199219,0.175781,0.091797,0.531677,-0.586670,0.165955,-0.587891
2.783207416534424,0.704102,-0.406250,-0.105469,-1.179688,0.414062,0.285156,0.126953,0.533203,-0.584351,0.166199,-0.588684
2.8031344413757324,0.680786,0.460937,0.160156,-1.289063,-0.039063,0.103516,-0.031250,0.535645,-0.580566,0.166138,-0.590271
2.8231453895568848,0.673950,-0.820312,0.269531,1.906250,-0.242187,0.001953,0.000000,0.535522,-0.579712,0.166687,-0.591064
2.8430862426757812,0.746582,0.015625,0.085937,1.546875,-0.275391,0.289063,0.421875,0.534424,-0.580566,0.168274,-0.590820
2.8634846210479736,0.778931,4.605469,-0.535156,1.148438,-0.683594,0.281250,0.554687,0.534302,-0.580078,0.173523,-0.589844
2.883185863494873,0.790771,1.175781,0.031250,1.730469,-0.427734,0.097656,0.312500,0.533386,-0.580933,0.181396,-0.587524
2.903304100036621,0.794800,-1.613281,0.371094,-1.761719,-0.201172,-0.037109,-0.142578,0.532288,-0.582214,0.186218,-0.585693
2.923497438430786,0.787964,-3.214844,0.625000,-0.679687,-0.064453,-0.029297,-0.435547,0.530212,-0.583679,0.186707,-0.585876
2.94356632232666,0.779907,-1.996094,-0.164062,-0.503906,0.166016,0.066406,-0.404297,0.527588,-0.584839,0.184692,-0.587830
2.963308334350586,0.766235,0.269531,-0.511719,-1.046875,0.474609,-0.019531,-0.470703,0.526062,-0.584290,0.181519,-0.590698
2.983978509902954,0.725098,-0.718750,-1.187500,-1.761719,0.703125,-0.265625,-0.380859,0.526123,-0.582825,0.176025,-0.593750
3.003690481185913,0.699097,0.980469,-0.445312,-0.527344,1.373047,-0.544922,-0.853516,0.528381,-0.581238,0.167603,-0.595764
3.0234785079956055,0.676636,-3.773438,0.128906,-3.863281,1.019531,-0.517578,-0.945312,0.531738,-0.578796,0.152405,-0.599182
3.0436806678771973,0.545166,-0.617187,3.289063,2.011719,0.476562,-0.466797,-0.488281,0.532959,-0.577698,0.138306,-0.602600
3.063931703567505,0.457031,2.695313,2.796875,4.167969,-0.056641,-0.578125,0.455078,0.533508,-0.578735,0.130310,-0.602844
3.0836100578308105,0.464600,2.417969,1.164063,2.781250,0.123047,-0.412109,0.857422,0.536682,-0.581482,0.129700,-0.597534
3.1037981510162354,0.512939,0.207031,-0.941406,-2.148438,-0.167969,-0.281250,0.724609,0.542603,-0.582458,0.131897,-0.590698
3.1239864826202393,0.534546,-0.503906,0.019531,0.871094,-0.005859,-0.335938,-0.099609,0.545776,-0.583801,0.134766,-0.585815
3.143930673599243,0.582397,-5.527344,-2.738281,-0.269531,0.074219,-0.158203,0.281250,0.546021,-0.585449,0.134277,-0.584045
3.1636905670166016,0.631470,3.871094,-0.464844,-1.625000,0.175781,-0.187500,0.382813,0.548279,-0.585693,0.134460,-0.581604
3.1840908527374268,0.618896,1.039063,-0.785156,-0.707031,0.294922,0.011719,-0.380859,0.551514,-0.585205,0.134338,-0.579102
3.203939437866211,0.608154,-4.125000,-1.933594,-1.734375,0.652344,0.443359,-1.203125,0.551086,-0.583679,0.130310,-0.581909
3.2242965698242188,0.585327,-6.968750,-3.156250,-4.546875,0.095703,0.562500,-0.439453,0.547607,-0.579590,0.122803,-0.590820
3.2441470623016357,0.510620,2.429688,0.175781,-1.257813,-0.365234,0.392578,-0.314453,0.544617,-0.576416,0.122192,-0.596863
3.264019727706909,0.453125,-1.234375,0.000000,0.406250,-0.314453,0.371094,-0.242187,0.540283,-0.576111,0.124634,-0.600525
3.283930778503418,0.420044,-0.414062,0.136719,-1.109375,-0.324219,0.576172,0.390625,0.536682,-0.575745,0.127502,-0.603516
3.3041651248931885,0.356934,2.726563,1.585938,0.152344,-0.164062,0.347656,0.941406,0.536560,-0.573608,0.134583,-0.604126
3.3239524364471436,0.355225,3.355469,2.707031,0.828125,0.015625,0.173828,0.697266,0.540466,-0.571167,0.142578,-0.601135
3.3439557552337646,0.367188,-2.546875,-0.761719,2.000000,0.312500,-0.111328,0.042969,0.544312,-0.569092,0.147034,-0.598511
3.3642492294311523,0.418945,-4.101562,-2.042969,1.824219,0.330078,-0.376953,0.101563,0.546753,-0.567993,0.145264,-0.597717
3.3843603134155273,0.429687,-0.238281,0.242187,1.445313,0.093750,-0.451172,0.201172,0.549561,-0.568298,0.142029,-0.595703
3.4041502475738525,0.432007,0.910156,1.972656,2.144531,0.054687,-0.572266,0.158203,0.552002,-0.570190,0.139954,-0.592163
3.4245240688323975,0.441284,-0.507812,0.722656,-0.070312,-0.025391,-0.611328,-0.082031,0.553833,-0.573059,0.137329,-0.588196
3.444355010986328,0.462036,-1.382813,0.109375,-0.207031,0.046875,-0.421875,-0.289063,0.554138,-0.576721,0.133728,-0.585205
3.4642443656921387,0.482666,-0.562500,-0.710937,-0.566406,0.007813,-0.275391,-0.345703,0.553223,-0.579407,0.129456,-0.584351
3.4845070838928223,0.487549,0.937500,0.054687,0.339844,-0.062500,-0.197266,-0.113281,0.551697,-0.581421,0.126038,-0.584534
3.504560708999634,0.480103,1.578125,0.339844,0.410156,0.259766,-0.164062,-0.197266,0.550964,-0.582947,0.124268,-0.584106
3.524364471435547,0.469482,-0.175781,-0.449219,-1.574219,0.240234,-0.039063,-0.439453,0.551270,-0.582825,0.120911,-0.584656
3.5444846153259277,0.438721,-1.226563,-0.726562,-0.425781,-0.035156,-0.130859,-0.316406,0.550232,-0.582458,0.116882,-0.586792
3.5647385120391846,0.383667,1.238281,1.179688,1.175781,-0.246094,-0.310547,-0.126953,0.548340,-0.583801,0.114502,-0.587708
3.5844812393188477,0.342773,0.925781,0.820312,0.609375,-0.248047,-0.253906,-0.156250,0.546387,-0.586853,0.113464,-0.586609
3.6046385765075684,0.287598,-0.035156,-0.101563,-0.277344,-0.193359,-0.316406,-0.105469,0.544373,-0.589905,0.112610,-0.585693
3.6247148513793945,0.234253,0.234375,-0.535156,-0.609375,-0.234375,-0.160156,0.126953,0.543030,-0.592773,0.111816,-0.584167
3.6443240642547607,0.304199,0.265625,-0.867187,0.613281,-0.119141,0.152344,0.064453,0.542358,-0.594666,0.112854,-0.582642
3.6646173000335693,0.406128,-0.906250,-0.917969,-0.445312,-0.062500,0.279297,0.253906,0.541931,-0.594360,0.114990,-0.582886
3.6845226287841797,0.550415,1.343750,-0.398438,-0.222656,-0.044922,0.289063,0.513672,0.542603,-0.592896,0.118408,-0.583069
3.7045350074768066,0.590820,0.609375,-0.820312,-0.398438,0.130859,0.267578,0.599609,0.544922,-0.590881,0.122925,-0.582031
3.7244985103607178,0.606689,0.750000,0.039063,-1.386719,0.269531,0.345703,0.398438,0.548523,-0.588013,0.127197,-0.580627
3.7447822093963623,0.625122,-0.992187,0.476562,-1.941406,0.232422,0.259766,0.095703,0.551697,-0.584351,0.129883,-0.580750
3.764702796936035,0.626709,-2.132813,0.792969,-0.250000,0.085937,0.257813,0.068359,0.553345,-0.581360,0.130737,-0.581970
3.784545421600342,0.639160,0.273438,0.285156,0.539062,-0.648437,-0.164062,-0.308594,0.553589,-0.579712,0.131897,-0.583191
3.8047847747802734,0.682373,-3.527344,0.601562,5.199219,-0.496094,-0.208984,-0.185547,0.549072,-0.583679,0.132935,-0.583191
3.825005292892456,0.692383,0.976562,-0.546875,-1.964844,-0.283203,0.144531,0.138672,0.545166,-0.587769,0.133972,-0.582520
3.844728469848633,0.697388,1.886719,-0.601562,-0.484375,-0.037109,0.066406,0.248047,0.544128,-0.588501,0.136841,-0.582153
3.864846706390381,0.700195,0.968750,-0.269531,-1.347656,0.306641,0.099609,0.304688,0.545349,-0.587708,0.138916,-0.581299
3.884906768798828,0.684937,0.132812,0.058594,-1.878906,0.556641,0.039063,0.228516,0.548767,-0.584961,0.139465,-0.580688
3.904981851577759,0.662720,-0.578125,0.488281,-1.121094,0.494141,-0.056641,0.074219,0.553345,-0.581360,0.138000,-0.580383
3.9253032207489014,0.654419,-0.324219,0.355469,0.027344,0.167969,0.042969,-0.001953,0.556641,-0.578857,0.135437,-0.580261
3.9448416233062744,0.665161,-0.437500,0.304688,-0.027344,0.023437,0.109375,-0.103516,0.557739,-0.577576,0.134521,-0.580750
3.965160846710205,0.676392,-1.121094,0.066406,-0.359375,-0.441406,-0.017578,-0.294922,0.556824,-0.577332,0.134583,-0.581848
3.9849836826324463,0.681030,-0.921875,0.171875,2.429688,-0.439453,-0.220703,-0.332031,0.552856,-0.580078,0.135132,-0.582825
4.00548243522644,0.683960,-0.871094,0.164062,0.679687,-0.302734,-0.126953,-0.121094,0.548523,-0.584351,0.134888,-0.582642
4.025249242782593,0.690430,0.003906,0.125000,1.300781,-0.203125,0.125000,0.150391,0.546082,-0.587097,0.135376,-0.582092
4.045257329940796,0.698242,1.496094,-0.863281,0.382813,-0.080078,0.437500,0.560547,0.545837,-0.587036,0.138367,-0.581665
4.06518292427063,0.731812,3.105469,-0.652344,-0.777344,0.066406,0.294922,0.476562,0.547791,-0.584473,0.144104,-0.580994
4.085562705993652,0.740356,-0.968750,0.242187,-1.226563,0.167969,0.126953,0.234375,0.550415,-0.581726,0.147949,-0.580261
4.105168581008911,0.742676,-0.285156,0.390625,-2.117188,0.177734,0.058594,0.013672,0.552612,-0.579651,0.149048,-0.579956
4.125482082366943,0.736938,-0.613281,0.429687,-0.308594,0.025391,0.111328,-0.101563,0.553589,-0.578308,0.148621,-0.580505
4.145210266113281,0.734253,-0.296875,0.449219,1.183594,-0.349609,-0.253906,-0.416016,0.552856,-0.577942,0.148376,-0.581604
4.165508508682251,0.733276,-1.562500,0.625000,2.824219,-0.447266,-0.414062,-0.439453,0.548889,-0.581848,0.146729,-0.581909
4.1852312088012695,0.736084,-2.546875,0.566406,1.675781,-0.246094,-0.095703,-0.169922,0.544312,-0.587097,0.144775,-0.581421
4.205410003662109,0.747314,1.566406,-0.820312,-1.921875,-0.259766,0.103516,-0.052734,0.541748,-0.589478,0.144775,-0.581421
4.2256152629852295,0.748657,0.562500,-0.292969,0.300781,-0.181641,0.058594,-0.005859,0.539978,-0.590210,0.146240,-0.581970
4.245493650436401,0.752197,-0.203125,-0.207031,-0.414062,-0.156250,-0.146484,0.039063,0.538940,-0.590820,0.147400,-0.582031
4.265456914901733,0.760376,-0.281250,-0.007813,0.500000,-0.062500,0.062500,0.318359,0.538574,-0.592224,0.147949,-0.580811
4.285459280014038,0.764648,2.539063,-0.714844,-0.964844,0.130859,0.337891,0.359375,0.539917,-0.591614,0.150391,-0.579529
4.305579662322998,0.767090,0.664062,-0.136719,-2.343750,0.134766,0.357422,0.300781,0.542419,-0.588379,0.153748,-0.579651
4.325695753097534,0.773071,0.429687,0.343750,-0.597656,-0.080078,0.238281,0.105469,0.544189,-0.585266,0.156616,-0.580322
4.345473766326904,0.773804,-0.875000,0.550781,0.015625,-0.443359,0.017578,-0.160156,0.543701,-0.584412,0.159058,-0.580994
4.365926027297974,0.773682,-2.320313,0.335938,1.355469,-0.259766,-0.078125,-0.220703,0.540344,-0.586853,0.160950,-0.581116
4.385571002960205,0.769043,-0.703125,0.308594,-0.566406,-0.203125,-0.078125,-0.125000,0.537415,-0.589294,0.161255,-0.581360
4.405843019485474,0.762939,0.421875,0.117188,0.238281,0.009766,-0.187500,-0.103516,0.535706,-0.591003,0.161194,-0.581177
4.425786256790161,0.753662,0.894531,-0.273438,-0.617187,0.556641,-0.318359,-0.207031,0.535645,-0.591919,0.159241,-0.580811
4.445762872695923,0.735229,-0.667969,0.152344,-3.238281,0.660156,-0.208984,-0.056641,0.538086,-0.591125,0.153625,-0.580933
4.465862512588501,0.725708,0.976562,-0.046875,-0.550781,0.310547,0.078125,0.042969,0.541626,-0.589111,0.148437,-0.581055
4.486150741577148,0.723267,0.011719,-0.796875,1.457031,0.140625,0.283203,0.031250,0.543579,-0.586914,0.147156,-0.581726
4.505850076675415,0.730347,0.152344,-0.117188,-0.324219,-0.216797,0.269531,-0.046875,0.544128,-0.584534,0.148254,-0.583374
4.525836706161499,0.748779,-0.445312,0.152344,2.058594,-0.541016,-0.042969,-0.240234,0.542053,-0.584473,0.150452,-0.584717
4.546160697937012,0.749390,-1.695313,0.351563,2.007813,-0.496094,-0.105469,-0.142578,0.537659,-0.587952,0.152100,-0.584900
4.566099166870117,0.750854,-0.085937,0.281250,1.144531,-0.132812,0.193359,0.115234,0.534119,-0.591187,0.153687,-0.584473
4.5856544971466064,0.765991,1.828125,-0.589844,-1.453125,0.037109,0.472656,0.542969,0.533569,-0.590820,0.156311,-0.584656
4.605847120285034,0.774658,3.078125,-0.781250,-0.632812,0.171875,0.423828,0.537109,0.536011,-0.587158,0.161560,-0.584656
4.625868558883667,0.777344,0.367188,0.039063,-1.156250,0.267578,0.246094,0.201172,0.539429,-0.582886,0.165833,-0.584656
4.646216154098511,0.781494,-2.625000,0.437500,-2.230469,0.150391,0.199219,0.255859,0.541931,-0.579529,0.167053,-0.585266
4.666173934936523,0.780762,0.410156,0.148437,1.316406,-0.033203,0.197266,0.021484,0.543884,-0.577026,0.168579,-0.585510
4.686183929443359,0.777954,-1.542969,0.421875,1.132813,-0.394531,-0.199219,-0.304688,0.543396,-0.576294,0.169983,-0.586304
4.706337213516235,0.769287,-2.218750,0.613281,2.847656,-0.410156,-0.394531,-0.259766,0.539917,-0.579834,0.169617,-0.586060
4.726306438446045,0.769043,-1.746094,0.414062,1.109375,-0.257813,-0.083984,0.007813,0.536804,-0.584473,0.168579,-0.584656
4.746181011199951,0.770630,1.210938,-0.613281,-0.226562,-0.269531,0.091797,0.171875,0.535339,-0.586609,0.169739,-0.583496
4.766386985778809,0.777222,0.769531,-0.472656,-0.296875,-0.250000,0.173828,0.142578,0.534485,-0.587280,0.172852,-0.582703
4.7865149974823,0.780762,0.031250,-0.105469,-0.726562,-0.189453,0.140625,0.005859,0.533447,-0.587463,0.175903,-0.582581
4.806319236755371,0.783447,-0.976562,0.339844,-0.441406,-0.019531,-0.037109,-0.035156,0.532288,-0.587585,0.177551,-0.583008
4.826485872268677,0.784790,0.277344,0.300781,0.562500,-0.056641,-0.187500,-0.019531,0.531921,-0.588074,0.177368,-0.582886
4.846631288528442,0.780029,0.085937,0.148437,0.539062,0.144531,-0.091797,-0.142578,0.531799,-0.589355,0.176575,-0.581970
4.8666160106658936,0.775146,-0.578125,0.179687,-1.207031,0.234375,0.041016,-0.263672,0.531982,-0.589294,0.174561,-0.582458
4.886746883392334,0.772949,-0.191406,0.039063,-2.125000,-0.009766,-0.029297,-0.328125,0.531677,-0.588440,0.171997,-0.584412
4.906846761703491,0.778442,-0.246094,0.117188,1.574219,-0.220703,-0.099609,-0.246094,0.529785,-0.589172,0.169983,-0.585937
4.926595211029053,0.780518,0.398438,-0.214844,1.894531,-0.177734,-0.060547,-0.123047,0.527283,-0.591248,0.169128,-0.586304
4.946524143218994,0.782104,-0.062500,-0.222656,-0.085937,-0.099609,0.101563,0.074219,0.525635,-0.592651,0.169312,-0.586365
4.966723442077637,0.786987,1.394531,-0.636719,-0.675781,-0.310547,0.101563,0.343750,0.525085,-0.592773,0.171326,-0.586121
4.986754417419434,0.783936,1.058594,-0.335938,0.917969,-0.263672,-0.017578,0.396484,0.525146,-0.593079,0.175354,-0.584534
5.006372690200806,0.775269,0.308594,0.054687,0.152344,-0.068359,-0.041016,0.236328,0.525879,-0.593811,0.178833,-0.582092
5.026773452758789,0.754028,-1.179688,0.324219,-0.929687,0.156250,0.046875,-0.039063,0.526733,-0.594055,0.180420,-0.580566
5.046833276748657,0.743896,-0.625000,0.371094,-1.808594,0.128906,0.072266,-0.060547,0.527344,-0.593201,0.179871,-0.581116
5.066514730453491,0.738770,0.792969,0.316406,0.496094,0.027344,-0.113281,-0.205078,0.527466,-0.592346,0.178955,-0.582092
5.087101936340332,0.737549,-0.765625,0.453125,0.593750,-0.261719,-0.123047,-0.261719,0.526489,-0.593201,0.177307,-0.582642
5.107158660888672,0.738892,-0.429687,0.093750,2.121094,-0.263672,0.070312,-0.189453,0.523682,-0.595581,0.176575,-0.583008
5.126952648162842,0.747070,-1.011719,-0.074219,0.375000,-0.443359,0.078125,0.103516,0.520813,-0.597168,0.177551,-0.583618
5.14696192741394,0.755615,1.019531,-0.367188,1.265625,-0.371094,0.136719,0.267578,0.518799,-0.598572,0.180847,-0.582947
5.166889905929565,0.761230,0.789062,-0.410156,-0.640625,-0.212891,0.109375,0.216797,0.517700,-0.599487,0.185303,-0.581665
5.187165260314941,0.763794,0.183594,0.289063,0.523437,-0.222656,0.328125,0.316406,0.517334,-0.599548,0.188843,-0.580688
5.207170248031616,0.765747,0.386719,-0.339844,-3.566406,-0.332031,0.316406,-0.066406,0.517212,-0.598206,0.193420,-0.580688
5.227106809616089,0.755371,-3.820313,-0.003906,-0.761719,-0.126953,0.324219,-0.664062,0.514160,-0.598267,0.196655,-0.582275
5.247107267379761,0.736694,-3.062500,-0.640625,-1.773438,0.804687,0.419922,-0.998047,0.509338,-0.597839,0.194702,-0.587585
5.267229080200195,0.711060,-2.574219,-1.773438,-6.816406,1.164063,0.308594,-0.972656,0.507263,-0.593445,0.186523,-0.596436
5.287308931350708,0.569458,0.855469,-0.652344,-2.562500,1.248047,0.244141,-1.128906,0.507568,-0.587463,0.175293,-0.605408
5.3071699142456055,0.463623,-1.562500,0.746094,-0.296875,0.101563,0.148437,-0.312500,0.507507,-0.581726,0.163452,-0.614319
5.327173233032227,0.357544,3.242188,2.628906,6.082031,-0.375000,-0.226562,0.281250,0.506042,-0.580627,0.161316,-0.617065
5.347429990768433,0.342896,3.011719,2.914063,4.207031,0.404297,0.115234,0.421875,0.506226,-0.582581,0.163757,-0.614441
5.367160320281982,0.354492,0.000000,1.113281,-2.906250,0.746094,0.179687,0.128906,0.510559,-0.579407,0.164307,-0.613647
5.389070510864258,0.360718,-1.972656,-1.492188,1.117188,0.660156,-0.531250,-0.169922,0.515259,-0.574890,0.161316,-0.614807
5.407282590866089,0.400269,-2.402344,-0.394531,3.796875,0.820312,-0.560547,0.066406,0.519226,-0.574402,0.153748,-0.613831
5.427267789840698,0.437256,1.226563,0.476562,0.406250,0.167969,-0.068359,0.396484,0.524658,-0.573486,0.147034,-0.611694
5.447185039520264,0.462402,2.167969,1.195313,2.582031,0.074219,-0.222656,0.181641,0.528198,-0.572571,0.147034,-0.609558
5.467593193054199,0.481689,-2.042969,0.078125,-0.136719,0.093750,-0.294922,0.078125,0.530151,-0.573181,0.146606,-0.607422
5.487583637237549,0.520386,-0.519531,0.238281,-0.511719,-0.052734,-0.246094,0.195312,0.531555,-0.574280,0.145203,-0.605469
5.507661581039429,0.540527,1.027344,0.636719,0.585937,-0.199219,-0.294922,-0.052734,0.532593,-0.575867,0.145142,-0.603027
5.527674198150635,0.557861,-1.964844,-0.152344,0.132812,-0.453125,-0.388672,-0.171875,0.531494,-0.578857,0.144653,-0.601257
5.547978162765503,0.590820,-0.089844,0.769531,1.183594,-0.392578,-0.314453,-0.566406,0.528381,-0.583679,0.144165,-0.599426
5.568108081817627,0.586792,-1.617188,-0.312500,-0.046875,-0.353516,-0.523437,-0.447266,0.523315,-0.588867,0.141785,-0.599365
5.587648153305054,0.565430,-0.953125,0.253906,-0.058594,-0.099609,-0.191406,-0.125000,0.519348,-0.593933,0.138672,-0.598572
5.607639312744141,0.532959,1.285156,-0.765625,-0.710937,-0.015625,-0.015625,0.056641,0.518188,-0.596008,0.137329,-0.597839
5.627666234970093,0.542847,0.585937,-0.765625,-0.386719,0.066406,0.144531,0.246094,0.518372,-0.596252,0.137634,-0.597412
5.6478962898254395,0.608643,-0.003906,-1.019531,-1.125000,-0.074219,0.546875,0.935547,0.520203,-0.594482,0.140076,-0.596924
5.667717218399048,0.685913,4.167969,-1.875000,-0.511719,-0.082031,0.525391,1.294922,0.524963,-0.590210,0.148560,-0.594971
5.687659978866577,0.683594,-0.296875,0.488281,0.773437,-0.179687,0.269531,0.859375,0.531067,-0.585693,0.159363,-0.591248
5.707492351531982,0.675903,-3.085938,1.562500,0.914062,0.130859,0.289063,0.548828,0.534851,-0.583435,0.166931,-0.587891
5.727815628051758,0.647217,-1.363281,0.906250,-1.402344,0.558594,0.332031,0.275391,0.538391,-0.580139,0.170471,-0.586975
5.747828006744385,0.607788,-1.320313,0.574219,-4.292969,0.736328,0.123047,0.019531,0.542603,-0.574829,0.170410,-0.588318
5.76785135269165,0.565796,-0.937500,0.707031,-0.894531,0.648437,-0.013672,-0.242187,0.546814,-0.570007,0.166870,-0.590149
5.787944793701172,0.528687,-0.992187,0.726562,0.359375,0.136719,0.076172,-0.587891,0.548889,-0.567017,0.161743,-0.592468
5.807949542999268,0.552368,-1.437500,0.589844,2.867188,-0.492187,-0.363281,-0.802734,0.546082,-0.567139,0.157837,-0.596008
5.827991247177124,0.615601,-2.742188,0.296875,3.097656,-0.531250,-0.121094,-0.306641,0.539551,-0.572449,0.154724,-0.597717
5.848158359527588,0.677368,4.195312,-1.535156,-1.269531,-0.320313,0.203125,-0.062500,0.534790,-0.576355,0.155273,-0.598083
5.868168592453003,0.723267,0.847656,-0.492187,-1.222656,-0.332031,0.078125,-0.103516,0.532166,-0.577209,0.157837,-0.598938
5.888168096542358,0.733521,-0.722656,-0.019531,0.195312,-0.410156,0.066406,-0.062500,0.529480,-0.578674,0.159668,-0.599426
5.908365488052368,0.739624,-0.394531,-0.277344,-0.945312,-0.404297,-0.066406,-0.199219,0.526550,-0.580688,0.161682,-0.599548
5.928368806838989,0.745605,-0.761719,0.152344,0.082031,-0.339844,-0.195312,-0.183594,0.523132,-0.583496,0.162781,-0.599426
5.948180675506592,0.744873,0.050781,0.312500,0.125000,-0.042969,-0.060547,0.013672,0.520447,-0.586548,0.163025,-0.598755
5.968014717102051,0.746094,1.335938,0.074219,-0.328125,-0.083984,-0.154297,0.042969,0.519958,-0.587524,0.163086,-0.598145
5.988162279129028,0.743774,0.722656,0.082031,-0.425781,0.031250,-0.230469,-0.013672,0.520081,-0.588623,0.162842,-0.597046
6.008474111557007,0.738403,-0.546875,-0.222656,-0.632812,0.343750,-0.066406,0.146484,0.520691,-0.589722,0.161499,-0.595825
6.028317928314209,0.737915,0.714844,-0.570312,-1.937500,0.099609,0.251953,0.328125,0.523437,-0.588135,0.160339,-0.595276
6.048706293106079,0.762695,1.300781,-0.601562,-0.429687,-0.136719,0.488281,0.556641,0.526001,-0.585327,0.162781,-0.595215
6.068167209625244,0.779419,2.265625,-0.437500,1.832031,-0.357422,0.511719,0.472656,0.527588,-0.582336,0.169189,-0.594971
6.088266611099243,0.787842,-0.074219,0.398438,0.972656,-0.535156,0.066406,-0.046875,0.527161,-0.580750,0.176392,-0.594788
6.108459234237671,0.790527,-4.011719,1.363281,1.480469,-0.208984,-0.195312,-0.390625,0.523987,-0.582764,0.179565,-0.594604
6.128684043884277,0.789673,-2.980469,0.898437,-1.867188,0.015625,-0.458984,-0.539062,0.520813,-0.585754,0.177612,-0.595032
6.148502826690674,0.783691,-0.996094,0.628906,1.175781,0.164062,-0.376953,-0.289063,0.518555,-0.589294,0.172363,-0.595093
6.16839075088501,0.774414,2.742188,-0.804687,-0.785156,0.240234,0.039063,0.138672,0.518494,-0.590942,0.167969,-0.594727
6.188536643981934,0.761475,3.492188,-1.203125,-1.988281,0.507812,0.388672,0.175781,0.520630,-0.589233,0.167297,-0.594788
6.208667278289795,0.760010,0.343750,-0.898437,-2.710938,0.328125,0.408203,-0.212891,0.523682,-0.584351,0.167480,-0.596863
6.228595495223999,0.757080,0.457031,-0.914062,-1.027344,0.111328,0.228516,-0.287109,0.523865,-0.580444,0.166504,-0.600769
6.24848484992981,0.742676,1.875000,0.878906,1.746094,0.005859,0.074219,-0.039063,0.522461,-0.578918,0.165344,-0.603760
6.2686378955841064,0.736694,1.132813,1.476563,1.070313,-0.160156,-0.197266,0.066406,0.522034,-0.578613,0.165588,-0.604431
6.288797378540039,0.733765,-0.210937,1.101563,1.968750,-0.119141,-0.361328,0.126953,0.521851,-0.580322,0.165955,-0.602783
6.308599948883057,0.722534,0.640625,1.000000,1.714844,-0.070312,-0.337891,-0.080078,0.522339,-0.582947,0.165466,-0.599976
6.328905820846558,0.719238,-1.136719,-0.601562,0.000000,-0.021484,-0.117188,0.042969,0.522156,-0.585388,0.163818,-0.598206
6.348785877227783,0.723267,1.214844,-0.714844,-0.957031,-0.076172,0.142578,0.130859,0.522217,-0.586182,0.163635,-0.597351
6.36893630027771,0.757080,1.144531,-0.429687,-0.304688,-0.218750,0.359375,0.330078,0.522400,-0.585449,0.165649,-0.597351
6.38875675201416,0.778442,0.417969,-0.636719,-0.621094,-0.451172,0.328125,0.474609,0.522400,-0.584106,0.170898,-0.597229
6.409106254577637,0.791016,0.476562,0.039063,0.398438,-0.519531,0.296875,0.458984,0.522095,-0.583618,0.178162,-0.595886
6.428912401199341,0.793701,1.171875,0.109375,0.984375,-0.433594,-0.083984,-0.177734,0.520935,-0.584106,0.184692,-0.594421
6.449136257171631,0.785645,-4.808594,0.992187,0.554687,0.007813,-0.119141,-0.464844,0.517761,-0.586731,0.186096,-0.594177
6.469174385070801,0.776489,-3.187500,0.507812,-1.589844,0.220703,-0.199219,-0.527344,0.515137,-0.588440,0.182922,-0.595764
6.489018440246582,0.764282,-0.285156,0.031250,-0.859375,0.220703,-0.128906,-0.453125,0.513611,-0.589355,0.177734,-0.597656
6.509193658828735,0.747070,0.785156,-0.101563,-0.531250,-0.369141,-0.193359,-0.046875,0.512390,-0.590088,0.173401,-0.599304
6.529170036315918,0.755005,1.582031,0.441406,2.671875,-0.146484,-0.160156,-0.050781,0.510376,-0.592773,0.173462,-0.598328
6.549166917800903,0.767212,0.531250,-0.582031,-1.097656,0.054687,0.054687,0.384766,0.509460,-0.594666,0.173950,-0.597107
6.569228172302246,0.783936,2.777344,-0.605469,-0.921875,0.816406,0.398438,0.898437,0.512085,-0.593262,0.176147,-0.595642
6.589227914810181,0.787720,3.148438,-1.324219,-4.414062,0.900391,0.697266,1.023438,0.520691,-0.585632,0.178894,-0.594910
6.609209060668945,0.785522,2.292969,-0.429687,-2.855469,0.660156,0.726562,0.171875,0.530457,-0.575073,0.182617,-0.595459
6.629450082778931,0.763184,-7.480469,-1.285156,1.085938,0.628906,0.394531,-1.369141,0.533569,-0.567017,0.182678,-0.600281
6.64968466758728,0.745972,-8.898438,-1.457031,-2.359375,0.273438,0.064453,-0.724609,0.528992,-0.563721,0.174622,-0.609802
6.669243812561035,0.727051,4.613281,2.195313,1.074219,0.091797,-0.115234,-0.806641,0.525574,-0.563110,0.168518,-0.615051
6.68932318687439,0.669067,2.218750,1.320313,0.406250,-0.191406,-0.138672,-0.908203,0.521301,-0.564575,0.163086,-0.618774
6.709378480911255,0.628052,0.847656,1.035156,1.457031,-0.304688,-0.095703,-0.125000,0.515198,-0.567932,0.158691,-0.622009
6.729342699050903,0.612915,4.390625,0.191406,0.523437,0.207031,0.074219,0.445312,0.512939,-0.570068,0.158997,-0.621826
6.749558925628662,0.603516,2.777344,0.597656,-1.730469,0.496094,0.169922,0.789062,0.516541,-0.567993,0.160767,-0.620300
6.769568920135498,0.579224,2.074219,0.492187,-0.039063,0.466797,-0.099609,0.568359,0.523621,-0.563354,0.162720,-0.618042
6.789464473724365,0.569336,-2.492188,0.109375,3.820313,0.126953,-0.355469,0.507812,0.529846,-0.560608,0.162903,-0.615173
6.809553861618042,0.556274,-0.312500,1.136719,3.574219,-0.042969,-0.437500,0.363281,0.534302,-0.561157,0.162964,-0.610779
6.829792737960815,0.563110,-0.925781,0.953125,0.503906,-0.429687,-0.355469,0.138672,0.536804,-0.563538,0.163147,-0.606384
6.849497318267822,0.583252,-0.750000,0.343750,0.152344,-0.232422,-0.203125,-0.246094,0.535889,-0.567505,0.164307,-0.603149
6.8694908618927,0.596802,-1.355469,-1.027344,-3.707031,0.025391,-0.255859,-0.224609,0.533691,-0.570374,0.163330,-0.602661
6.88953161239624,0.611328,0.710937,0.171875,-1.070313,-0.242187,-0.433594,-0.207031,0.532593,-0.572388,0.160767,-0.602356
6.911258935928345,0.616333,0.390625,0.808594,2.433594,-0.289063,-0.587891,-0.382813,0.530640,-0.576660,0.158508,-0.600647
6.930999994277954,0.615601,-0.867187,1.023438,1.148438,-0.236328,-0.351563,-0.330078,0.527588,-0.582092,0.155151,-0.598999
6.949824333190918,0.631226,1.335938,-1.031250,-0.406250,-0.083984,0.060547,0.076172,0.524902,-0.585693,0.152954,-0.598328
6.969719648361206,0.656860,2.960938,-1.652344,-0.527344,-0.013672,0.289063,0.257813,0.524536,-0.585937,0.153992,-0.598145
6.990183115005493,0.682007,0.347656,-0.632812,-0.269531,-0.173828,0.521484,0.806641,0.525574,-0.583923,0.157532,-0.598267
7.009971618652344,0.719482,2.566406,-1.265625,-0.144531,-0.380859,0.195312,0.910156,0.528442,-0.580750,0.165527,-0.596741
7.029832601547241,0.719360,-0.734375,0.183594,2.382813,-0.222656,0.216797,0.798828,0.531311,-0.579773,0.174133,-0.592712
7.049815654754639,0.713745,-0.281250,0.898437,-0.527344,0.158203,0.251953,0.300781,0.534058,-0.578369,0.181030,-0.589478
7.070188999176025,0.703247,-2.976563,1.031250,-2.726563,0.646484,0.257813,0.164062,0.536743,-0.575195,0.183228,-0.589478
7.089787721633911,0.640381,-0.773437,0.531250,-4.707031,0.781250,0.160156,-0.015625,0.540833,-0.570007,0.181824,-0.591187
7.110438585281372,0.594727,-0.867187,0.652344,-1.316406,0.650391,-0.052734,-0.335938,0.544800,-0.564941,0.177917,-0.593628
7.130112171173096,0.579956,-1.769531,0.781250,0.015625,-0.039063,0.023437,-0.562500,0.546204,-0.562378,0.172424,-0.596313
7.150310516357422,0.622559,-0.769531,0.183594,3.691406,-0.724609,-0.349609,-0.833984,0.542480,-0.563782,0.169189,-0.599304
7.170181751251221,0.668213,-2.921875,0.015625,3.609375,-0.546875,-0.162109,-0.310547,0.534668,-0.570312,0.167297,-0.600708
7.189928770065308,0.706543,3.105469,-1.105469,-1.382813,-0.228516,0.060547,-0.062500,0.529663,-0.574768,0.167908,-0.600769
7.210237503051758,0.731812,1.386719,-0.332031,-1.242188,-0.097656,0.123047,-0.058594,0.527649,-0.575806,0.169312,-0.601135
7.230462312698364,0.736450,0.468750,-0.062500,-0.808594,-0.189453,-0.042969,-0.138672,0.526306,-0.575989,0.170227,-0.601929
7.250548362731934,0.736328,-1.156250,0.351563,0.511719,-0.080078,-0.175781,-0.109375,0.524536,-0.577393,0.170227,-0.602112
7.270186185836792,0.740356,0.351563,0.042969,-0.445312,-0.130859,-0.287109,-0.191406,0.523499,-0.579163,0.169189,-0.601562
7.29033637046814,0.740112,-0.531250,0.343750,0.390625,-0.111328,-0.259766,-0.158203,0.522156,-0.581787,0.167542,-0.600647
7.310493230819702,0.739136,0.074219,0.136719,0.367188,-0.033203,0.050781,0.060547,0.521057,-0.583923,0.166199,-0.599915
7.330369472503662,0.743286,1.214844,-0.476562,-0.917969,0.044922,0.519531,0.617187,0.521240,-0.583618,0.167175,-0.599792
7.3504133224487305,0.743774,5.023437,-1.328125,-0.406250,0.138672,0.544922,0.667969,0.524231,-0.579407,0.172729,-0.599670
7.3701910972595215,0.741821,0.117188,-0.039063,-1.136719,0.078125,0.443359,0.349609,0.528015,-0.574158,0.178772,-0.599670
7.390570640563965,0.746826,-1.765625,0.734375,-0.429687,-0.015625,0.275391,0.048828,0.529785,-0.570374,0.182739,-0.600464
7.410351991653442,0.750366,-0.914062,0.375000,-0.898437,-0.441406,-0.210937,-0.380859,0.529236,-0.569031,0.184631,-0.601685
7.430327653884888,0.750854,-3.046875,0.757812,2.464844,-0.384766,-0.427734,-0.447266,0.525146,-0.572876,0.184143,-0.601746
7.450481414794922,0.748047,-0.527344,0.429687,-0.070312,-0.093750,-0.123047,-0.062500,0.521179,-0.578003,0.182007,-0.601013
7.4704270362854,0.760132,1.718750,-0.312500,-0.996094,0.037109,0.031250,0.130859,0.520203,-0.579590,0.181458,-0.600464
7.49098801612854,0.768311,2.214844,-0.535156,-0.804687,-0.023437,0.265625,0.408203,0.521057,-0.578918,0.182434,-0.600098
7.510687351226807,0.775269,2.378906,-0.437500,0.328125,0.023437,0.250000,0.326172,0.522766,-0.576904,0.185791,-0.599487
7.530514240264893,0.784058,-0.722656,0.140625,-0.765625,0.091797,0.263672,0.183594,0.524353,-0.574646,0.188843,-0.599365
7.550729036331177,0.786377,-0.445312,0.222656,-1.113281,-0.296875,0.046875,-0.146484,0.525085,-0.572571,0.190857,-0.600037
7.57066535949707,0.786865,-2.578125,0.507812,2.335938,-0.310547,-0.259766,-0.472656,0.522583,-0.573975,0.191833,-0.600525
7.5908355712890625,0.776978,-2.101563,0.531250,-0.246094,-0.177734,-0.330078,-0.503906,0.518494,-0.577820,0.189880,-0.601013
7.610922813415527,0.774536,-0.703125,0.300781,-0.250000,-0.101563,-0.261719,-0.128906,0.515137,-0.581726,0.186646,-0.601196
7.630843877792358,0.777954,1.371094,-0.566406,0.109375,-0.015625,-0.082031,0.052734,0.514160,-0.583984,0.184937,-0.600342
7.650856256484985,0.789429,1.089844,-0.488281,-0.328125,0.060547,0.244141,0.458984,0.514648,-0.584351,0.185059,-0.599487
7.6710288524627686,0.791870,3.503906,-0.781250,-1.062500,0.230469,0.326172,0.464844,0.517151,-0.581909,0.187988,-0.598816
7.690873384475708,0.792603,0.378906,-0.203125,-2.121094,0.128906,0.244141,0.289063,0.520508,-0.578125,0.190918,-0.598694
7.7108190059661865,0.791870,-0.425781,0.437500,0.468750,-0.083984,0.146484,-0.130859,0.522339,-0.575439,0.192993,-0.598938
7.730900287628174,0.790405,-2.812500,0.828125,2.703125,-0.443359,-0.244141,-0.511719,0.520569,-0.575623,0.193542,-0.600159
7.751020431518555,0.791016,-2.457031,1.000000,2.414063,-0.410156,-0.365234,-0.345703,0.515625,-0.580200,0.192200,-0.600525
7.770979166030884,0.791504,0.332031,0.132812,0.714844,-0.097656,-0.164062,-0.035156,0.511902,-0.584961,0.190796,-0.599487
7.790867328643799,0.791748,2.964844,-0.632812,-1.058594,0.078125,0.050781,0.074219,0.511108,-0.586670,0.190491,-0.598572
7.811177968978882,0.796631,0.707031,-0.359375,-1.437500,0.074219,0.208984,0.208984,0.511841,-0.585937,0.190735,-0.598633
7.830991744995117,0.803101,0.890625,-0.464844,0.113281,0.005859,0.279297,0.269531,0.513062,-0.583862,0.192444,-0.598999
7.851116180419922,0.809204,0.554687,-0.296875,-0.082031,-0.105469,0.156250,-0.085937,0.513855,-0.581909,0.195068,-0.599426
7.871479511260986,0.809814,-1.718750,0.445312,1.289063,-0.353516,-0.033203,-0.355469,0.512146,-0.581970,0.196289,-0.600403
7.891386032104492,0.808716,-0.917969,0.402344,0.945312,-0.357422,-0.259766,-0.310547,0.508240,-0.584473,0.196167,-0.601318
7.911314249038696,0.806763,0.324219,0.414062,0.550781,-0.142578,-0.222656,-0.005859,0.505005,-0.588135,0.195312,-0.600769
7.931490421295166,0.808716,2.128906,-0.351563,-0.644531,-0.011719,-0.076172,0.148437,0.504333,-0.590210,0.195068,-0.599365
7.95131516456604,0.811279,1.324219,-0.382813,-1.042969,-0.015625,0.181641,0.429687,0.505310,-0.590332,0.195984,-0.598083
7.9713287353515625,0.810425,1.992188,-0.578125,-0.507812,-0.087891,0.302734,0.142578,0.507202,-0.588623,0.199036,-0.597168
7.991422653198242,0.807739,-2.355469,-0.019531,-0.605469,-0.388672,-0.019531,-0.373047,0.506653,-0.587402,0.201965,-0.597839
8.011590957641602,0.801392,-3.972656,0.371094,2.605469,-0.220703,-0.035156,-0.298828,0.502563,-0.589722,0.202393,-0.598877
8.031249523162842,0.792114,-2.015625,0.339844,0.324219,-0.261719,-0.037109,0.013672,0.499451,-0.591858,0.201904,-0.599548
8.05145812034607,0.781738,2.062500,-0.082031,1.511719,-0.066406,0.208984,0.339844,0.498169,-0.593079,0.203308,-0.598999
8.071599245071411,0.780762,2.445313,-1.054688,-1.578125,-0.111328,0.183594,0.380859,0.499023,-0.591858,0.206726,-0.598328
8.091686964035034,0.779663,0.945312,-0.058594,-0.207031,-0.087891,0.205078,0.273438,0.500122,-0.590454,0.210632,-0.597351
8.11133599281311,0.778931,-0.609375,0.363281,-0.398438,0.070312,0.271484,0.318359,0.500916,-0.588989,0.213806,-0.597046
8.131489038467407,0.776245,1.324219,0.011719,-0.726562,0.240234,0.101563,0.146484,0.502441,-0.586609,0.216370,-0.597168
8.151921033859253,0.771240,-1.617188,0.375000,-1.417969,0.246094,0.044922,0.093750,0.504333,-0.584473,0.216858,-0.597534
8.171773672103882,0.767090,0.433594,0.382813,0.031250,0.437500,-0.226562,-0.298828,0.506226,-0.582825,0.215820,-0.597900
8.191762447357178,0.772095,-1.343750,0.433594,-0.898437,0.419922,-0.525391,-0.845703,0.507263,-0.582825,0.210205,-0.598999
8.211476802825928,0.772827,-2.457031,1.121094,1.332031,-0.205078,-0.593750,-0.894531,0.505493,-0.585693,0.200500,-0.601013
8.231464147567749,0.777222,-0.789062,-0.242187,3.390625,-0.595703,-0.234375,-0.378906,0.500366,-0.591492,0.194031,-0.601807
8.25194787979126,0.783936,3.039063,-1.171875,3.164063,-0.580078,-0.062500,-0.005859,0.494812,-0.596741,0.194031,-0.601135
8.271597385406494,0.790283,1.773438,-0.894531,0.976562,-0.552734,0.009766,0.386719,0.491211,-0.600159,0.197510,-0.599609
8.291836023330688,0.790894,2.152344,-0.304688,-0.187500,-0.117188,0.125000,0.484375,0.490234,-0.601807,0.202698,-0.596985
8.312165021896362,0.785645,0.605469,-0.105469,-2.867188,0.128906,0.255859,0.369141,0.491821,-0.600891,0.206909,-0.595154
8.33195161819458,0.781494,0.183594,0.363281,-1.007813,0.851562,0.632812,0.111328,0.494507,-0.597534,0.209473,-0.595459
8.351832628250122,0.788208,0.132812,0.171875,-5.765625,0.507812,0.445312,-0.701172,0.498047,-0.590088,0.208252,-0.600281
8.37180233001709,0.802246,-5.023437,0.234375,2.488281,-0.169922,0.109375,-0.816406,0.495850,-0.586609,0.203796,-0.607056
8.392192363739014,0.804932,-1.011719,-0.167969,5.429687,-0.166016,0.054687,-0.230469,0.490112,-0.587952,0.200500,-0.611511
8.41217851638794,0.805542,2.886719,0.128906,0.121094,-0.451172,-0.072266,0.150391,0.487366,-0.589111,0.200500,-0.612549
8.432120323181152,0.796509,3.460938,0.875000,2.054688,-0.554687,-0.207031,-0.041016,0.485657,-0.591431,0.203430,-0.610718
8.452186346054077,0.787231,-1.742188,0.214844,0.230469,-0.619141,-0.400391,-0.238281,0.482422,-0.595520,0.205750,-0.608521
8.47219467163086,0.780518,-1.542969,0.683594,1.046875,-0.453125,-0.390625,-0.193359,0.478333,-0.601196,0.206360,-0.605957
8.492203712463379,0.760864,0.433594,-0.042969,0.480469,-0.222656,-0.378906,-0.025391,0.475220,-0.606323,0.206116,-0.603333
8.512127876281738,0.751221,1.511719,-0.429687,0.238281,0.326172,0.101563,0.021484,0.474609,-0.609436,0.205322,-0.601013
8.532300472259521,0.747192,0.433594,-0.628906,-4.320312,0.291016,0.234375,0.023437,0.476379,-0.607605,0.204041,-0.601868
8.552475452423096,0.758789,-0.171875,-0.281250,-1.019531,0.187500,0.179687,0.140625,0.477966,-0.604675,0.203491,-0.603760
8.572219371795654,0.774536,0.027344,-0.136719,0.265625,-0.103516,-0.005859,0.216797,0.479431,-0.602600,0.204285,-0.604431
8.592347621917725,0.789307,-1.078125,-0.113281,2.281250,-0.437500,-0.218750,0.392578,0.480103,-0.602722,0.206543,-0.602966
8.612280130386353,0.790161,1.109375,-0.187500,2.457031,-0.380859,-0.505859,0.201172,0.480225,-0.605469,0.210022,-0.598877
8.6326322555542,0.776245,-1.648438,0.585937,0.414062,-0.054687,-0.091797,0.257813,0.480408,-0.609375,0.211487,-0.594238
8.652491569519043,0.761475,0.796875,0.164062,-1.316406,0.599609,0.361328,0.009766,0.481750,-0.609558,0.212646,-0.592529
8.672487020492554,0.756836,-1.554688,-0.140625,-5.039062,0.970703,0.291016,-0.714844,0.484558,-0.604797,0.210510,-0.595947
8.692535877227783,0.767212,-5.425781,-0.511719,-1.273438,0.541016,0.099609,-0.812500,0.485413,-0.599915,0.202637,-0.602844
8.712600708007812,0.765625,-1.453125,-1.546875,3.910156,1.001953,-0.041016,-0.261719,0.484253,-0.597717,0.194824,-0.608459
8.732534170150757,0.757812,3.832031,0.023437,-0.113281,1.193359,-0.125000,-0.279297,0.488220,-0.593811,0.186768,-0.611694
8.752479791641235,0.730591,-0.351563,1.628906,1.171875,0.828125,-0.199219,0.087891,0.493835,-0.589233,0.177673,-0.614258
8.77261233329773,0.700928,1.921875,1.835938,2.246094,0.458984,-0.593750,0.089844,0.499451,-0.586426,0.171814,-0.614136
8.792586088180542,0.678101,-0.414062,1.781250,1.894531,0.617187,-0.658203,-0.406250,0.503662,-0.587219,0.166260,-0.611450
8.812705755233765,0.618774,-1.656250,-0.750000,0.316406,0.742187,-0.681641,-0.693359,0.505981,-0.588806,0.156616,-0.610535
8.83270788192749,0.589355,1.007813,0.484375,-0.605469,-0.023437,-0.134766,0.246094,0.507263,-0.590210,0.145935,-0.610718
8.852698802947998,0.586182,6.777344,1.093750,3.449219,-0.417969,-0.265625,0.718750,0.508911,-0.591125,0.145874,-0.608521
8.872548341751099,0.613770,2.203125,1.925781,1.617188,-0.890625,-0.490234,0.716797,0.510986,-0.594055,0.151489,-0.602539
8.892447233200073,0.631714,0.464844,2.425781,4.687500,-0.054687,-0.416016,0.234375,0.510437,-0.599792,0.156006,-0.596069
8.912655115127563,0.632690,9.921875,-1.695313,-2.914063,0.404297,-0.187500,0.318359,0.511292,-0.602295,0.155701,-0.592896
8.933120727539062,0.589600,-1.304688,-0.117188,-5.355469,0.542969,0.097656,-0.421875,0.515442,-0.600952,0.154785,-0.590942
8.952876091003418,0.559448,-3.300781,-1.710938,-3.617188,0.841797,0.511719,-1.244141,0.516296,-0.598022,0.148987,-0.594666
8.972998142242432,0.544800,-6.031250,-4.566406,-3.453125,0.972656,1.582031,-0.806641,0.513489,-0.591980,0.140137,-0.605164
8.992645502090454,0.511719,4.164062,-0.554687,-2.890625,0.050781,1.320313,-0.378906,0.511780,-0.579712,0.137268,-0.618958
9.012984991073608,0.418335,1.328125,1.734375,3.929688,-0.750000,0.478516,-0.371094,0.507812,-0.571838,0.141052,-0.628662
9.033313989639282,0.387817,-1.859375,1.828125,5.316406,-0.574219,0.259766,-0.007813,0.500977,-0.572571,0.146057,-0.632324
9.052933931350708,0.352295,0.203125,2.117188,0.367188,-0.228516,0.429687,0.544922,0.497253,-0.573608,0.151123,-0.633179
9.072960138320923,0.289917,2.468750,2.441406,-0.265625,0.123047,0.398438,0.935547,0.498657,-0.571350,0.157715,-0.632507
9.092965364456177,0.279541,1.261719,2.257813,-0.144531,0.660156,0.138672,0.826172,0.504517,-0.566772,0.163879,-0.630432
9.113483905792236,0.292480,-1.609375,1.066406,-0.843750,1.021484,-0.267578,0.486328,0.513184,-0.561218,0.165039,-0.628052
9.133188962936401,0.310913,-2.777344,0.582031,0.726562,0.328125,-0.791016,-0.093750,0.521667,-0.557434,0.160278,-0.625671
9.153318643569946,0.313232,-2.976563,-0.671875,8.207031,-0.056641,-0.980469,0.111328,0.524658,-0.560364,0.153809,-0.622131
9.173008680343628,0.330811,2.132813,0.621094,3.000000,0.482422,-0.619141,0.392578,0.526794,-0.566040,0.149475,-0.616272
9.193325996398926,0.367310,2.574219,0.597656,-3.105469,0.453125,-0.095703,0.361328,0.532471,-0.566895,0.145691,-0.611511
9.213228225708008,0.394897,0.507812,-0.503906,-3.152344,-0.396484,-0.158203,0.011719,0.536865,-0.565186,0.144470,-0.609497
9.233182668685913,0.421631,-2.304688,0.316406,3.062500,-0.376953,-0.300781,0.044922,0.535522,-0.567810,0.145874,-0.607971
9.253560781478882,0.475220,-0.058594,0.492187,-1.523438,-0.251953,-0.250000,0.232422,0.534119,-0.571533,0.146973,-0.605408
9.273536682128906,0.492920,1.597656,0.148437,-0.835937,-0.191406,-0.109375,-0.039063,0.534180,-0.574158,0.148254,-0.602539
9.293415069580078,0.509033,-0.433594,-1.324219,0.253906,-0.205078,0.052734,-0.154297,0.533020,-0.575928,0.148682,-0.601746
9.313570499420166,0.529175,-0.105469,0.171875,-0.363281,-0.283203,-0.070312,0.105469,0.531006,-0.577026,0.149414,-0.602295
9.333367109298706,0.556885,1.191406,1.320313,0.476562,-0.201172,-0.228516,0.091797,0.530029,-0.578857,0.151184,-0.600952
9.353637218475342,0.573242,0.203125,0.585937,0.800781,-0.126953,-0.271484,-0.044922,0.529663,-0.581116,0.151672,-0.598938
9.37355375289917,0.589844,-1.230469,-0.738281,-0.570312,-0.105469,-0.396484,-0.101563,0.529053,-0.583496,0.150757,-0.597351
9.393584728240967,0.606323,-0.687500,0.484375,-0.324219,0.037109,-0.564453,-0.154297,0.528442,-0.586609,0.148621,-0.595459
9.413947820663452,0.615479,-0.886719,0.125000,-0.335938,0.177734,-0.269531,0.111328,0.528503,-0.589844,0.144714,-0.593140
9.433719873428345,0.624756,0.152344,-1.117188,-0.039063,0.343750,0.224609,0.470703,0.530579,-0.590332,0.142883,-0.591248
9.45354676246643,0.664185,3.074219,-0.976562,-0.726562,0.201172,0.410156,0.417969,0.534912,-0.586670,0.144714,-0.590576
9.473731756210327,0.692627,-0.703125,0.125000,-0.007813,0.021484,0.445312,0.232422,0.538086,-0.582458,0.148071,-0.591003
9.493806600570679,0.731445,-0.593750,0.386719,-0.339844,-0.458984,0.205078,0.060547,0.538940,-0.579590,0.151978,-0.592102
9.513970375061035,0.758057,0.144531,0.187500,2.640625,-0.451172,-0.125000,-0.191406,0.536499,-0.580566,0.155884,-0.592285
9.533896207809448,0.756958,-2.546875,0.816406,2.410156,-0.189453,-0.078125,-0.234375,0.533203,-0.583618,0.156921,-0.592041
9.553874492645264,0.753662,-0.402344,0.386719,-0.492187,-0.132812,-0.128906,-0.238281,0.530823,-0.585449,0.156189,-0.592468
9.573917627334595,0.749023,-0.632812,-0.093750,-0.039063,-0.095703,-0.257813,-0.244141,0.528931,-0.587280,0.154785,-0.592773
9.594123125076294,0.753784,0.238281,-0.226562,-0.230469,-0.046875,-0.003906,-0.042969,0.527466,-0.589417,0.153015,-0.592407
9.614192962646484,0.761475,1.050781,-0.730469,-1.078125,-0.283203,0.113281,0.003906,0.526611,-0.590088,0.153015,-0.592468
9.634183883666992,0.767578,0.132812,-0.300781,1.312500,-0.222656,0.044922,0.005859,0.524902,-0.590881,0.154968,-0.592773
9.654126405715942,0.772217,-0.933594,-0.253906,-0.226562,-0.285156,0.236328,0.460937,0.523621,-0.591614,0.157104,-0.592590
9.67413592338562,0.771118,1.742188,-0.792969,0.523437,-0.013672,0.314453,0.449219,0.524292,-0.590881,0.161987,-0.591431
9.693854808807373,0.768433,-0.089844,0.335938,-1.980469,0.064453,0.250000,0.150391,0.526001,-0.588684,0.166321,-0.590881
9.714041709899902,0.767334,-1.941406,0.789062,-1.132813,0.044922,0.048828,0.007813,0.526794,-0.586731,0.168274,-0.591492
9.734340906143188,0.768066,-0.777344,0.835937,0.421875,-0.322266,-0.376953,-0.404297,0.526794,-0.586365,0.168396,-0.591858
9.754195928573608,0.770752,-0.683594,0.710937,1.976563,-0.349609,-0.496094,-0.476562,0.523499,-0.590698,0.166016,-0.591187
9.774495601654053,0.779175,1.894531,-0.246094,-1.511719,-0.068359,-0.068359,-0.220703,0.519592,-0.595764,0.162842,-0.590454
9.794515609741211,0.778687,1.863281,-0.691406,-2.253906,0.025391,0.324219,-0.111328,0.517883,-0.596863,0.161499,-0.591187
9.814254522323608,0.775513,0.468750,-0.859375,-0.929687,0.191406,0.644531,-0.242187,0.516846,-0.594971,0.162109,-0.593750
9.834457874298096,0.759277,-0.066406,-1.304688,-1.152344,0.746094,0.679687,-0.667969,0.515564,-0.590515,0.162231,-0.599365
9.854257345199585,0.748047,-1.300781,-1.574219,-2.980469,0.779297,0.667969,-0.113281,0.515015,-0.583618,0.158142,-0.607544
9.87445855140686,0.730835,3.609375,0.875000,0.578125,0.472656,0.341797,0.179687,0.517578,-0.576050,0.155884,-0.613220
9.894306182861328,0.712402,0.773437,1.792969,1.808594,-0.164062,-0.052734,0.300781,0.520630,-0.571411,0.155945,-0.614929
9.914356231689453,0.712646,0.171875,2.390625,4.453125,-0.218750,-0.230469,0.328125,0.521851,-0.571777,0.158142,-0.612976
9.934358596801758,0.715210,0.132812,0.484375,-0.250000,-0.173828,-0.226562,0.396484,0.523010,-0.573730,0.160156,-0.609619
9.95448350906372,0.719727,1.167969,0.226562,-0.003906,-0.224609,-0.226562,0.460937,0.524719,-0.575500,0.162292,-0.605957
9.974589347839355,0.728027,0.871094,0.273438,0.546875,-0.148437,-0.091797,0.265625,0.526611,-0.577148,0.165161,-0.601929
9.994643688201904,0.738037,0.742187,0.289063,-0.402344,-0.085937,-0.009766,0.267578,0.527710,-0.578125,0.166992,-0.599487
10.014484643936157,0.752563,2.144531,-0.570312,-0.148437,0.000000,0.121094,0.207031,0.528809,-0.578125,0.168640,-0.598083
10.034507751464844,0.778076,-0.843750,-0.308594,-1.839844,-0.449219,0.048828,-0.091797,0.529663,-0.577209,0.170654,-0.597595
10.054832220077515,0.783691,-1.320313,-0.054687,1.324219,-0.632812,-0.152344,-0.326172,0.526611,-0.579346,0.172974,-0.597595
10.074647903442383,0.786011,-3.003906,0.527344,3.457031,-0.281250,-0.242187,-0.236328,0.521423,-0.583984,0.174072,-0.597290
10.094730615615845,0.772461,0.609375,-0.207031,-1.164063,-0.164062,-0.195312,-0.238281,0.518555,-0.587341,0.173401,-0.596680
10.114742279052734,0.759277,-0.347656,0.320313,0.156250,0.158203,-0.246094,-0.277344,0.516602,-0.589722,0.171814,-0.596558
10.13497018814087,0.752319,-1.132813,0.136719,-1.152344,0.312500,-0.150391,0.017578,0.516296,-0.590820,0.168213,-0.596680
10.154577016830444,0.751953,0.714844,-0.421875,-2.132813,0.103516,-0.025391,0.197266,0.518433,-0.590210,0.165649,-0.596191
10.1750009059906,0.760620,0.531250,-0.468750,0.402344,0.091797,0.169922,0.294922,0.520630,-0.589172,0.165955,-0.595215
10.19495677947998,0.774414,0.656250,-0.292969,-1.222656,-0.166016,0.443359,0.261719,0.522644,-0.587097,0.168274,-0.594849
10.21520709991455,0.794067,1.375000,-0.292969,-0.027344,-0.638672,0.324219,0.224609,0.522400,-0.585205,0.173401,-0.595459
10.235126972198486,0.796265,-0.371094,0.253906,2.828125,-0.748047,-0.080078,-0.052734,0.519531,-0.586304,0.179626,-0.595032
10.254872560501099,0.795776,-1.925781,0.980469,1.972656,-0.314453,-0.013672,-0.109375,0.515564,-0.590027,0.183228,-0.593689
10.275192975997925,0.793457,-0.324219,0.269531,-1.964844,-0.351563,-0.353516,-0.375000,0.512878,-0.592346,0.184204,-0.593445
10.295389413833618,0.784790,-2.628906,0.523437,0.773437,-0.171875,-0.609375,-0.451172,0.509460,-0.596680,0.182251,-0.592590
10.31519103050232,0.779419,-1.988281,0.421875,1.984375,0.054687,-0.064453,-0.166016,0.506836,-0.601624,0.178162,-0.591125
10.33498764038086,0.781982,2.699219,-0.949219,-3.132813,0.210937,0.158203,-0.160156,0.506287,-0.602173,0.176208,-0.591553
10.355327367782593,0.798218,-0.003906,-0.312500,-2.328125,-0.414062,-0.041016,-0.376953,0.506042,-0.600830,0.174927,-0.593567
10.375237703323364,0.796753,-1.492188,-0.078125,2.343750,-0.113281,0.197266,-0.261719,0.502197,-0.602905,0.174683,-0.594788
10.39523196220398,0.790527,-0.972656,-0.597656,1.425781,0.351563,0.669922,-0.855469,0.499023,-0.602905,0.174622,-0.597412
10.415356159210205,0.781006,-4.476562,-3.175781,-3.417969,0.847656,1.041016,-0.810547,0.495239,-0.598511,0.170898,-0.606018
10.435286283493042,0.766968,0.816406,-1.160156,-3.878906,0.578125,0.744141,-0.287109,0.493591,-0.589905,0.166199,-0.617065
10.455518960952759,0.747681,4.011719,1.695313,0.152344,-0.517578,-0.125000,-0.191406,0.493408,-0.583679,0.164490,-0.623596
10.475417852401733,0.704224,-1.406250,2.964844,4.871094,-0.890625,-0.259766,0.089844,0.489746,-0.586670,0.166016,-0.623230
10.495192527770996,0.685303,0.648437,0.937500,0.531250,-0.210937,0.025391,0.179687,0.485840,-0.591919,0.170288,-0.620178
10.515591382980347,0.670654,0.394531,-0.367188,-4.046875,0.119141,0.005859,0.341797,0.485535,-0.592773,0.172913,-0.618835
10.535776615142822,0.662964,1.160156,-0.179687,-1.183594,0.039063,-0.234375,0.423828,0.488159,-0.591736,0.174316,-0.617371
10.555357456207275,0.657837,1.023438,0.539062,2.109375,0.462891,-0.191406,0.162109,0.491577,-0.591797,0.175110,-0.614380
10.57571530342102,0.650146,-1.703125,-0.777344,-1.695313,0.287109,-0.175781,-0.117188,0.495300,-0.590698,0.172607,-0.613159
10.595558881759644,0.630005,-1.281250,-0.066406,0.785156,0.078125,-0.347656,-0.328125,0.496643,-0.590637,0.169067,-0.613098
10.615717887878418,0.608154,-1.257813,-0.058594,0.792969,0.154297,-0.164062,-0.142578,0.495911,-0.592529,0.165222,-0.612915
10.63556718826294,0.591309,1.644531,0.171875,-0.808594,0.232422,-0.164062,-0.150391,0.496094,-0.593201,0.162354,-0.612915
10.655864000320435,0.567383,-0.753906,0.109375,-0.058594,0.066406,-0.300781,-0.142578,0.496765,-0.593445,0.159302,-0.612976
10.675745487213135,0.500977,-0.562500,0.546875,1.437500,-0.056641,-0.441406,-0.070312,0.496826,-0.595093,0.156494,-0.612000
10.695628881454468,0.474365,0.062500,0.605469,1.015625,-0.320313,-0.464844,-0.271484,0.496521,-0.598206,0.154297,-0.609741
10.715988636016846,0.453735,-1.820313,-0.859375,1.179688,-0.279297,-0.369141,-0.113281,0.493958,-0.603027,0.152222,-0.607605
10.735742092132568,0.527832,1.871094,-1.140625,-0.902344,-0.060547,0.123047,0.232422,0.492310,-0.606445,0.151489,-0.605774
10.755991458892822,0.597900,2.382813,-1.242188,-2.183594,-0.117188,0.501953,0.744141,0.493225,-0.605774,0.153992,-0.605042
10.776053667068481,0.668335,2.316406,-1.378906,-0.589844,-0.179687,0.472656,0.845703,0.495972,-0.602539,0.161377,-0.604065
10.795764207839966,0.719482,-1.558594,0.679687,-0.199219,-0.226562,0.183594,0.423828,0.498901,-0.599426,0.169434,-0.602539
10.815646886825562,0.723755,-2.492188,1.148438,1.054688,0.078125,0.050781,0.113281,0.500183,-0.598389,0.173950,-0.601257
10.835654020309448,0.722412,-1.753906,0.757812,-1.968750,0.140625,0.062500,0.017578,0.501160,-0.597595,0.174744,-0.601013
10.856193542480469,0.691772,-0.925781,0.449219,-0.566406,0.744141,-0.167969,-0.273438,0.502136,-0.596497,0.173767,-0.601562
10.876201868057251,0.663330,-2.589844,0.535156,-4.117187,0.957031,-0.128906,-0.339844,0.505127,-0.594177,0.167236,-0.603149
10.895823240280151,0.600830,0.070312,0.648437,0.625000,0.156250,0.101563,-0.070312,0.508606,-0.590881,0.159424,-0.605591
10.915840864181519,0.562622,0.832031,-0.363281,4.550781,-0.142578,0.244141,0.140625,0.509155,-0.589233,0.158386,-0.606995
10.93596863746643,0.666504,2.312500,-0.855469,2.550781,-0.265625,0.373047,0.199219,0.508911,-0.588196,0.161072,-0.607544
10.956212043762207,0.701416,1.738281,-0.179687,0.898437,-0.410156,0.339844,-0.007813,0.507874,-0.587097,0.165466,-0.608276
10.976311922073364,0.722412,-1.285156,0.203125,-0.390625,-0.519531,-0.064453,-0.220703,0.504700,-0.587585,0.169861,-0.609253
10.996208429336548,0.733887,-1.531250,0.910156,1.558594,-0.322266,-0.298828,-0.335938,0.500610,-0.590576,0.171509,-0.609253
11.016227960586548,0.726196,-1.003906,0.089844,-1.589844,-0.232422,-0.478516,-0.322266,0.497192,-0.594543,0.170105,-0.608582
11.036347389221191,0.713135,-0.109375,-0.011719,0.105469,-0.093750,-0.150391,-0.115234,0.494690,-0.598755,0.167542,-0.607239
11.056455850601196,0.712158,0.800781,-0.800781,-0.375000,0.125000,0.105469,0.203125,0.493652,-0.600464,0.166565,-0.606628
11.076673746109009,0.725708,1.031250,-0.917969,-0.742187,0.277344,0.636719,0.675781,0.495239,-0.598877,0.167847,-0.606567
11.097209215164185,0.743042,3.070313,-1.136719,-3.074219,0.173828,0.666016,0.863281,0.499573,-0.593079,0.172607,-0.607361
11.116218566894531,0.770142,2.371094,-0.039063,0.648437,0.015625,0.564453,0.527344,0.504333,-0.586792,0.179687,-0.607483
11.136397361755371,0.774292,-2.500000,0.804687,-0.035156,-0.326172,0.240234,0.085937,0.506531,-0.582458,0.185791,-0.608032
11.156927347183228,0.771240,-2.546875,0.925781,2.277344,-0.429687,-0.095703,-0.335938,0.504761,-0.582397,0.189270,-0.608459
11.176486730575562,0.744141,-4.332031,1.187500,2.109375,-0.181641,-0.244141,-0.369141,0.500732,-0.585449,0.189331,-0.608765
11.196635007858276,0.732910,-0.257813,0.320313,-0.671875,-0.205078,-0.218750,-0.117188,0.497803,-0.588562,0.187439,-0.608826
11.216482639312744,0.735107,1.718750,-0.460937,0.570312,-0.046875,-0.054687,0.046875,0.496277,-0.591003,0.186768,-0.607849
11.236591815948486,0.747437,1.367188,-0.453125,-1.074219,0.011719,0.300781,0.289063,0.496399,-0.591309,0.187378,-0.607300
11.25702953338623,0.781372,1.406250,-0.515625,-1.664063,-0.228516,0.457031,0.339844,0.497620,-0.588928,0.190491,-0.607666
11.276935577392578,0.791626,-0.210937,0.101563,1.523438,-0.517578,0.222656,0.054687,0.497437,-0.586853,0.195740,-0.608215
11.29658555984497,0.796631,-2.000000,0.550781,1.773438,-0.548828,-0.044922,-0.144531,0.494446,-0.587891,0.200073,-0.608215
11.31680941581726,0.797607,-1.703125,0.613281,0.972656,-0.484375,-0.136719,-0.189453,0.490417,-0.591064,0.202515,-0.607544
11.336803674697876,0.792358,-0.355469,0.507812,0.109375,-0.179687,-0.195312,-0.234375,0.486755,-0.594727,0.203369,-0.606689
11.356990814208984,0.784302,-0.210937,-0.042969,-1.804688,0.031250,-0.318359,-0.382813,0.484497,-0.597473,0.201904,-0.606262
11.377159357070923,0.763794,-1.652344,0.277344,-1.000000,0.289063,-0.162109,-0.158203,0.483276,-0.599792,0.197998,-0.606262
11.397033452987671,0.761475,0.210937,-0.613281,-2.035156,0.294922,0.152344,0.101563,0.484131,-0.599854,0.194702,-0.606506
11.416879177093506,0.773071,2.660156,-0.890625,-0.578125,-0.068359,0.351563,0.550781,0.486145,-0.597473,0.194580,-0.607300
11.436814308166504,0.800415,4.515625,-0.328125,3.042969,-0.214844,0.396484,0.560547,0.488342,-0.594604,0.199463,-0.606750
11.457160949707031,0.808472,0.878906,0.199219,0.117188,-0.615234,0.302734,-0.039063,0.489319,-0.592407,0.205994,-0.605957
11.477232694625854,0.808228,-2.742188,0.667969,1.066406,-0.380859,0.093750,-0.677734,0.485168,-0.593445,0.210205,-0.606812
11.496858835220337,0.799805,-6.214844,0.875000,-0.480469,0.285156,0.171875,-0.767578,0.479065,-0.595886,0.208984,-0.609741
11.517056941986084,0.791260,-0.640625,-2.414063,-3.804688,0.869141,0.578125,-0.707031,0.475647,-0.594849,0.203552,-0.615234
11.537039995193481,0.783325,0.707031,-2.636719,-3.832031,0.474609,0.669922,-0.337891,0.474976,-0.589050,0.197266,-0.623291
11.557010889053345,0.762939,3.140625,0.003906,1.628906,0.345703,0.478516,-0.335938,0.474365,-0.583252,0.195007,-0.629944
11.57698678970337,0.703979,-0.175781,0.746094,0.820312,-0.031250,0.035156,-0.169922,0.473328,-0.579468,0.193359,-0.634705
11.59716248512268,0.678345,-0.191406,2.332031,1.992188,-0.044922,-0.384766,-0.130859,0.472168,-0.579529,0.192444,-0.635742
11.61723256111145,0.655151,-1.066406,1.742188,0.187500,0.369141,-0.123047,0.107422,0.471985,-0.581909,0.190308,-0.634338
11.637213230133057,0.612793,0.671875,0.968750,-1.835938,0.623047,-0.144531,0.111328,0.474915,-0.580994,0.187866,-0.633728
11.657238721847534,0.592041,-0.804687,-1.183594,1.769531,0.583984,-0.429687,0.039063,0.479492,-0.578918,0.183838,-0.633362
11.677355766296387,0.578979,-0.046875,-1.214844,3.585938,0.091797,-0.455078,0.113281,0.483582,-0.578857,0.178711,-0.631714
11.697541236877441,0.567627,0.597656,0.578125,4.429687,0.285156,-0.263672,0.066406,0.485962,-0.580688,0.176208,-0.628967
11.71707034111023,0.562866,0.519531,0.578125,-0.613281,0.388672,-0.359375,-0.103516,0.488403,-0.581116,0.173401,-0.627441
11.737460613250732,0.533813,-0.730469,0.484375,-0.367188,0.271484,-0.507812,-0.205078,0.490601,-0.581665,0.168701,-0.626465
11.757450103759766,0.463623,-0.453125,0.246094,0.351563,-0.160156,-0.494141,-0.203125,0.491699,-0.583862,0.163574,-0.624939
11.777482032775879,0.453735,0.171875,0.070312,1.507813,-0.382813,-0.416016,-0.103516,0.490417,-0.587891,0.160889,-0.622925
11.797366857528687,0.468384,0.394531,0.175781,1.058594,-0.236328,-0.314453,-0.214844,0.488159,-0.592346,0.160339,-0.620605
11.817741870880127,0.517212,-0.449219,-1.042969,-1.144531,-0.191406,-0.111328,-0.009766,0.486084,-0.595764,0.159241,-0.619202
11.837973356246948,0.539185,1.972656,-0.781250,0.480469,-0.138672,0.140625,0.148437,0.485107,-0.597229,0.159729,-0.618469
11.85778522491455,0.612549,0.222656,-0.574219,-0.578125,-0.269531,0.791016,0.708984,0.485046,-0.596436,0.163025,-0.618408
11.877488136291504,0.686768,2.800781,-1.285156,1.285156,-0.123047,0.792969,0.880859,0.486694,-0.591980,0.171875,-0.618958
11.897504806518555,0.758789,0.621094,0.847656,-0.511719,-0.115234,0.679687,0.513672,0.489746,-0.586304,0.181396,-0.619263
11.91756820678711,0.776733,-1.804688,0.808594,-1.523438,-0.439453,0.466797,0.074219,0.490845,-0.581787,0.188782,-0.620422
11.937479257583618,0.782471,-1.765625,0.750000,0.789062,-0.642578,-0.013672,-0.470703,0.487671,-0.581177,0.194214,-0.621887
11.957911729812622,0.778564,-4.355469,1.398438,3.160156,-0.343750,-0.191406,-0.464844,0.481384,-0.584778,0.195618,-0.622925
11.977867126464844,0.780151,0.660156,0.066406,0.058594,-0.400391,-0.164062,-0.162109,0.476807,-0.588562,0.194519,-0.623230
11.998072385787964,0.781738,2.097656,-0.210937,1.218750,-0.103516,-0.025391,0.011719,0.473816,-0.591614,0.195007,-0.622437
12.01763105392456,0.786743,0.933594,-0.246094,-1.339844,-0.142578,-0.066406,0.037109,0.473145,-0.592529,0.195740,-0.621887
12.037765979766846,0.783081,0.667969,-0.011719,0.167969,-0.171875,-0.164062,-0.005859,0.472656,-0.593567,0.196472,-0.621033
12.058186292648315,0.776978,-0.175781,-0.078125,-0.328125,0.117188,-0.150391,-0.117188,0.471985,-0.595276,0.196594,-0.619873
12.077955484390259,0.756958,-0.917969,0.035156,-2.375000,0.314453,-0.220703,-0.214844,0.472168,-0.595947,0.194580,-0.619690
12.097981929779053,0.745117,-0.566406,0.082031,-1.507813,0.441406,-0.347656,-0.244141,0.473206,-0.596191,0.190308,-0.619995
12.11824107170105,0.736206,-0.769531,0.117188,-0.812500,0.296875,-0.097656,0.103516,0.475098,-0.596436,0.184937,-0.619995
12.137732982635498,0.759155,2.351563,-0.746094,1.984375,0.210937,0.351563,0.556641,0.477783,-0.595337,0.183228,-0.619446
12.158236980438232,0.778320,3.593750,-0.914062,-0.363281,0.132812,0.576172,0.632812,0.481689,-0.591309,0.186646,-0.619263
12.178428173065186,0.791748,2.070313,-0.019531,-1.175781,0.083984,0.599609,0.375000,0.485413,-0.585754,0.192139,-0.619934
12.19818377494812,0.800781,-0.121094,0.457031,-1.175781,-0.632812,0.138672,-0.259766,0.486572,-0.581543,0.196960,-0.621460
12.218015193939209,0.800781,-5.449219,1.171875,4.339844,-0.500000,-0.386719,-0.585937,0.481445,-0.584045,0.199768,-0.622192
12.23826551437378,0.799316,-2.472656,0.917969,-0.285156,-0.240234,-0.390625,-0.275391,0.475830,-0.589661,0.197998,-0.621826
12.25861668586731,0.799805,1.695313,-0.378906,-1.195313,-0.166016,-0.189453,0.091797,0.473511,-0.593567,0.196106,-0.620483
12.278048753738403,0.807983,2.628906,-0.492187,0.820312,0.083984,0.083984,0.201172,0.473450,-0.595276,0.196594,-0.618713
12.298308849334717,0.816162,0.925781,-0.355469,-2.726563,0.189453,0.345703,0.343750,0.475037,-0.593994,0.197754,-0.618347
12.318183660507202,0.823730,1.480469,-0.375000,-1.242188,0.015625,0.304688,0.253906,0.477417,-0.590515,0.200134,-0.619080
12.33866810798645,0.825439,-0.343750,-0.078125,0.312500,-0.365234,0.123047,-0.255859,0.478149,-0.588318,0.202820,-0.619751
12.358463525772095,0.820923,-2.242188,0.160156,2.160156,-0.238281,0.082031,-0.662109,0.474487,-0.589539,0.203979,-0.621094
12.37888216972351,0.814941,-1.660156,0.082031,-1.324219,-0.031250,0.132812,-0.593750,0.468994,-0.591248,0.202209,-0.624146
12.39835262298584,0.806641,0.886719,-0.054687,-1.050781,0.009766,0.041016,-0.277344,0.464844,-0.591858,0.199768,-0.627441
12.418436050415039,0.804565,1.585938,0.242187,0.320313,0.175781,-0.154297,0.009766,0.463135,-0.592102,0.197998,-0.629028
12.438633680343628,0.800659,2.527344,0.800781,-0.152344,0.064453,-0.341797,0.121094,0.464355,-0.592346,0.196350,-0.628479
12.458581686019897,0.788696,0.226562,0.687500,1.078125,-0.015625,-0.298828,-0.064453,0.465881,-0.593811,0.194885,-0.626343
12.478641033172607,0.786865,-2.039063,-0.960937,0.574219,0.041016,-0.171875,0.171875,0.466370,-0.595703,0.193604,-0.624634
12.498589992523193,0.783447,1.589844,-0.265625,-0.054687,0.150391,0.029297,0.187500,0.467896,-0.596375,0.193359,-0.622925
12.518529891967773,0.784912,0.351563,-0.785156,-1.402344,0.193359,0.322266,0.224609,0.469971,-0.595032,0.193726,-0.622559
12.53834867477417,0.803589,0.503906,-0.078125,-1.027344,-0.326172,0.234375,0.031250,0.471558,-0.592041,0.195496,-0.623657
12.559057235717773,0.809448,-1.179688,0.281250,3.046875,-0.593750,-0.126953,-0.107422,0.469543,-0.591919,0.198608,-0.624268
12.578596591949463,0.811035,-2.644531,0.441406,2.582031,-0.429687,-0.208984,-0.007813,0.465820,-0.595520,0.201294,-0.622803
12.598749160766602,0.804810,0.988281,0.003906,2.378906,-0.111328,0.033203,0.244141,0.463562,-0.598694,0.203247,-0.620728
12.618763446807861,0.798828,2.597656,-0.429687,-1.277344,0.517578,0.351563,0.455078,0.464355,-0.598450,0.205200,-0.619812
12.638545274734497,0.794067,1.433594,-0.628906,-4.355469,0.476562,0.212891,0.341797,0.468872,-0.593628,0.206299,-0.620667
12.658889532089233,0.791870,-0.902344,0.343750,-1.675781,0.193359,0.197266,0.205078,0.472961,-0.589600,0.206543,-0.621338
12.679072141647339,0.794800,0.640625,0.015625,-1.082031,-0.011719,0.253906,0.189453,0.474915,-0.587036,0.207642,-0.621887
12.69925856590271,0.801025,-0.011719,0.222656,1.554688,-0.677734,0.023437,0.101563,0.475281,-0.585449,0.210205,-0.622192
12.718941450119019,0.801758,-0.515625,0.328125,5.078125,-0.664062,0.019531,-0.279297,0.471985,-0.588074,0.214844,-0.620667
12.738896608352661,0.793701,-2.062500,0.390625,1.097656,0.306641,0.267578,-0.544922,0.466858,-0.591064,0.216980,-0.620972
12.759263038635254,0.788086,-1.054688,-0.222656,-4.750000,0.296875,0.275391,-0.466797,0.464294,-0.589722,0.213623,-0.625305
12.77926230430603,0.766602,0.988281,0.015625,1.531250,0.406250,0.234375,-0.574219,0.462585,-0.587463,0.210083,-0.629944
12.799196720123291,0.762939,-0.621094,-1.128906,0.039063,-0.009766,0.048828,-0.121094,0.460876,-0.585510,0.205872,-0.634338
12.818921566009521,0.760254,0.328125,0.433594,2.171875,-0.244141,-0.289063,0.302734,0.460022,-0.585571,0.205017,-0.635193
12.838973999023438,0.761108,0.644531,2.097656,1.890625,-0.353516,-0.369141,-0.136719,0.460815,-0.587769,0.206970,-0.631897
12.85930609703064,0.767456,-3.746094,-1.167969,0.867187,-0.251953,-0.134766,0.035156,0.459290,-0.591675,0.207275,-0.629272
12.879375219345093,0.774780,2.273438,-0.402344,-1.007813,0.000000,0.144531,0.222656,0.458252,-0.593506,0.208069,-0.628052
12.899468660354614,0.782593,2.144531,-0.609375,-2.257813,0.082031,0.314453,0.474609,0.459412,-0.592224,0.210022,-0.627808
12.919338464736938,0.798462,2.515625,-0.730469,-0.066406,-0.046875,0.253906,0.378906,0.461975,-0.589172,0.213745,-0.627502
12.939265012741089,0.803955,-2.035156,0.351563,-0.031250,-0.074219,0.203125,0.072266,0.463806,-0.586731,0.217468,-0.627197
12.959782600402832,0.806396,-1.597656,0.460937,-0.773437,-0.441406,-0.181641,-0.361328,0.463257,-0.585876,0.219360,-0.627747
12.979248762130737,0.802734,-2.656250,0.527344,1.671875,-0.277344,-0.419922,-0.404297,0.459167,-0.589539,0.219055,-0.627380
12.999396324157715,0.798706,1.128906,0.082031,-1.859375,-0.083984,-0.306641,-0.181641,0.455811,-0.594238,0.216675,-0.626282
13.0197172164917,0.796631,1.371094,-0.562500,-0.769531,-0.003906,-0.126953,0.058594,0.454773,-0.596802,0.214844,-0.625183
13.039270639419556,0.795288,1.433594,-0.753906,-0.277344,-0.425781,0.048828,0.359375,0.455017,-0.597717,0.214905,-0.624084
13.059627771377563,0.791016,0.191406,-0.691406,1.714844,-0.388672,0.109375,0.466797,0.454895,-0.598389,0.219421,-0.622009
13.079854011535645,0.781128,-1.605469,-0.398438,-0.644531,-0.666016,0.130859,0.599609,0.455200,-0.598450,0.225464,-0.619507
13.099387645721436,0.721924,0.937500,0.023437,3.101563,-0.171875,0.050781,0.562500,0.455078,-0.599121,0.232971,-0.616211
13.119415998458862,0.702759,-0.386719,0.101563,-1.546875,0.824219,0.630859,0.638672,0.457642,-0.597351,0.237976,-0.614075
13.139479160308838,0.682617,-0.269531,0.148437,-1.648438,1.525391,0.640625,0.363281,0.465088,-0.588257,0.239380,-0.616699
13.160039901733398,0.646362,-2.371094,1.000000,-4.250000,2.396484,0.517578,0.328125,0.474976,-0.576050,0.235046,-0.622314
13.180989742279053,0.605347,1.335938,1.253906,-6.296875,1.439453,-0.207031,-0.400391,0.487854,-0.562134,0.224731,-0.628845
13.20007610321045,0.626953,-4.746094,1.792969,3.046875,-0.136719,-0.556641,-0.912109,0.493835,-0.557007,0.212952,-0.632874
13.219606161117554,0.661255,-3.039063,1.617188,10.308594,-0.787109,-0.384766,-0.705078,0.489197,-0.562622,0.205750,-0.633911
13.239778280258179,0.751465,3.355469,-0.859375,1.246094,-0.648437,0.189453,-0.253906,0.481140,-0.569824,0.204895,-0.633850
13.26021409034729,0.770142,3.238281,-1.480469,-2.414063,-0.494141,0.445312,-0.085937,0.475220,-0.572632,0.208679,-0.634583
13.280071258544922,0.775146,2.164063,-1.042969,-1.125000,-0.029297,0.283203,-0.537109,0.470825,-0.572632,0.212769,-0.636536
13.299955606460571,0.769409,-3.152344,-0.523437,-2.121094,0.701172,0.375000,-1.085938,0.466614,-0.571655,0.211060,-0.641052
13.319801330566406,0.759644,-2.800781,-1.312500,-3.515625,0.593750,0.265625,-0.992187,0.462769,-0.568481,0.202759,-0.649292
13.33983302116394,0.750122,1.492188,0.375000,1.445313,0.248047,0.074219,-0.755859,0.459167,-0.565918,0.194519,-0.656555
13.360111236572266,0.727661,1.144531,1.179688,1.855469,-0.261719,-0.054687,-0.408203,0.455261,-0.565796,0.189209,-0.660950
13.38003396987915,0.715942,0.753906,1.421875,3.160156,-0.183594,-0.031250,-0.060547,0.451477,-0.567810,0.188110,-0.662109
13.399888277053833,0.707642,1.183594,0.976562,-1.246094,0.035156,0.050781,0.005859,0.449951,-0.568909,0.188660,-0.662048
13.420223236083984,0.701050,-0.312500,0.171875,-1.468750,-0.085937,0.001953,0.138672,0.450012,-0.568542,0.188904,-0.662231
13.44027590751648,0.702271,0.546875,0.496094,0.714844,-0.025391,-0.087891,0.025391,0.450439,-0.568481,0.189941,-0.661682
13.460278034210205,0.705688,-0.593750,-0.148437,1.261719,0.000000,-0.218750,0.105469,0.450623,-0.569153,0.190125,-0.660950
13.480216979980469,0.707764,0.785156,-0.445312,1.093750,0.226562,-0.123047,0.136719,0.451782,-0.570129,0.189636,-0.659424
13.50026559829712,0.707397,0.562500,-0.667969,-0.707031,0.218750,-0.097656,0.031250,0.454041,-0.569824,0.188416,-0.658508
13.520288944244385,0.705322,0.035156,-0.554687,-0.042969,-0.058594,-0.113281,0.054687,0.455627,-0.569519,0.186890,-0.658081
13.540351629257202,0.704712,-0.082031,0.402344,0.417969,-0.103516,-0.156250,0.126953,0.455994,-0.570374,0.186890,-0.657104
13.560421705245972,0.708252,0.261719,0.417969,-0.468750,-0.068359,-0.185547,0.080078,0.456543,-0.571594,0.187561,-0.655518
13.580687522888184,0.709351,-0.257813,-0.214844,-0.445312,-0.193359,-0.322266,-0.121094,0.456787,-0.573120,0.187622,-0.653992
13.600563526153564,0.711426,-1.191406,-0.332031,1.015625,-0.242187,-0.433594,-0.097656,0.455688,-0.576233,0.186829,-0.652222
13.62029218673706,0.712891,0.070312,-0.015625,0.980469,0.111328,-0.458984,-0.132812,0.454651,-0.580139,0.185608,-0.649780
13.640508890151978,0.706787,-0.542969,-0.179687,-2.367188,0.230469,-0.193359,-0.025391,0.455078,-0.582825,0.182434,-0.648010
13.660425901412964,0.697510,0.230469,-0.738281,-0.281250,0.470703,0.175781,0.308594,0.456970,-0.582886,0.179810,-0.647400
13.680552959442139,0.708740,1.441406,-1.015625,-1.984375,0.169922,0.316406,0.410156,0.461060,-0.579285,0.179565,-0.647827
13.70057725906372,0.726562,-0.058594,-0.062500,0.996094,-0.119141,0.304688,0.382813,0.464111,-0.575684,0.182129,-0.648071
13.720300912857056,0.745117,1.015625,0.550781,1.117188,-0.191406,0.265625,0.203125,0.465393,-0.573486,0.186218,-0.647949
13.740617275238037,0.759399,-0.585937,0.398438,-0.238281,-0.369141,0.041016,-0.099609,0.465088,-0.572327,0.190002,-0.648132
13.760726928710938,0.751953,-0.867187,0.500000,1.085938,-0.386719,-0.330078,-0.460937,0.462280,-0.573975,0.191895,-0.648071
13.78104043006897,0.742310,-2.140625,1.093750,0.199219,-0.308594,-0.722656,-0.646484,0.457886,-0.578796,0.190002,-0.647461
13.80090618133545,0.726929,-1.148438,0.550781,0.390625,-0.107422,-0.753906,-0.503906,0.453552,-0.585937,0.185059,-0.645569
13.820575475692749,0.640015,1.187500,-0.031250,-0.609375,-0.046875,-0.039063,-0.130859,0.450989,-0.591675,0.179810,-0.643555
13.840564727783203,0.635620,0.503906,-1.066406,-1.398438,0.039063,0.347656,0.271484,0.450012,-0.592590,0.178833,-0.643677
13.860827922821045,0.661865,2.480469,-1.527344,-2.140625,-0.037109,0.632812,0.675781,0.451599,-0.589539,0.181946,-0.644531
13.880668878555298,0.731934,2.429688,-0.621094,-0.027344,-0.257813,0.423828,0.636719,0.454529,-0.584473,0.188721,-0.645081
13.90068006515503,0.746948,0.484375,0.152344,1.734375,-0.417969,0.457031,0.609375,0.456482,-0.581360,0.196533,-0.644226
13.921106100082397,0.754517,1.875000,0.437500,1.167969,-0.121094,0.304688,0.005859,0.457153,-0.579102,0.203796,-0.643494
13.94091248512268,0.757080,-2.550781,1.089844,-0.718750,-0.330078,0.029297,-0.361328,0.455872,-0.577881,0.206055,-0.644775
13.960986852645874,0.752319,-2.183594,0.617187,1.664063,-0.308594,-0.205078,-0.363281,0.451843,-0.579773,0.206116,-0.645874
13.981080532073975,0.752319,-0.800781,0.363281,0.433594,-0.242187,-0.046875,-0.056641,0.448059,-0.583191,0.205505,-0.645691
14.001115083694458,0.755493,1.726563,-0.375000,1.109375,-0.113281,-0.021484,0.052734,0.446289,-0.584839,0.206299,-0.645142
14.020976066589355,0.756592,-0.035156,-0.097656,0.402344,-0.074219,-0.017578,0.031250,0.445984,-0.585388,0.207153,-0.644653
14.041274547576904,0.758423,-0.523437,-0.203125,-0.421875,-0.052734,0.076172,0.029297,0.445740,-0.585754,0.207764,-0.644287
14.061054944992065,0.765991,-0.371094,-0.167969,-0.453125,-0.205078,0.234375,0.177734,0.445496,-0.585388,0.208862,-0.644409
14.081037521362305,0.775146,1.382813,-0.410156,0.234375,-0.464844,0.306641,0.185547,0.444702,-0.584595,0.212341,-0.644531
14.10103702545166,0.780151,0.925781,0.269531,0.687500,-0.564453,0.005859,-0.111328,0.442444,-0.584534,0.217468,-0.644409
14.12130618095398,0.781006,-2.007813,1.222656,0.675781,-0.156250,-0.054687,-0.236328,0.438843,-0.586487,0.220520,-0.644043
14.141310691833496,0.775757,-0.277344,0.179687,-2.726563,0.078125,-0.351563,-0.414062,0.436462,-0.588318,0.219727,-0.644226
14.161313533782959,0.768066,-1.988281,0.484375,-0.472656,0.406250,-0.265625,-0.298828,0.435242,-0.590820,0.215454,-0.644287
14.181374073028564,0.760742,0.242187,-0.441406,-1.593750,0.431641,-0.097656,0.058594,0.436218,-0.591492,0.210205,-0.644775
14.201461553573608,0.743286,2.093750,-0.933594,0.550781,0.347656,0.080078,0.550781,0.439331,-0.590210,0.207520,-0.644653
14.221672296524048,0.744629,4.246094,-0.839844,0.613281,0.166016,0.132812,0.404297,0.444397,-0.587158,0.208496,-0.643616
14.241325616836548,0.750732,-0.425781,-0.027344,-0.937500,0.238281,0.423828,0.300781,0.447937,-0.584412,0.210266,-0.643127
14.261401176452637,0.760620,-0.054687,-0.195312,-2.214844,-0.154297,0.365234,-0.195312,0.449951,-0.580383,0.212463,-0.644653
14.281461477279663,0.761230,-3.457031,0.855469,1.359375,-0.621094,-0.164062,-0.585937,0.447266,-0.579285,0.213928,-0.647034
14.301732778549194,0.758301,-3.328125,1.167969,3.062500,-0.285156,-0.101563,-0.390625,0.440857,-0.583496,0.213806,-0.647644
14.32170033454895,0.756958,0.339844,0.332031,0.503906,-0.292969,0.066406,-0.066406,0.436584,-0.586426,0.213318,-0.648071
14.341525316238403,0.762329,1.917969,-0.218750,1.164063,-0.294922,0.107422,0.015625,0.434265,-0.587402,0.215027,-0.648193
14.361761808395386,0.766357,0.617187,0.101563,0.621094,-0.322266,-0.101563,-0.048828,0.432373,-0.588135,0.217407,-0.648010
14.381625175476074,0.764648,-0.730469,0.414062,0.937500,-0.347656,-0.300781,-0.177734,0.430298,-0.590393,0.218689,-0.646912
14.401741027832031,0.762695,-1.523438,0.187500,0.824219,-0.220703,-0.201172,-0.144531,0.427795,-0.593994,0.218628,-0.645264
14.4217689037323,0.758667,0.585937,-0.511719,-1.261719,0.091797,-0.107422,-0.152344,0.426025,-0.596558,0.218079,-0.644226
14.441833972930908,0.752075,-0.625000,-0.410156,-2.531250,0.572266,0.289063,0.205078,0.426025,-0.596985,0.216309,-0.644470
14.461750745773315,0.753906,1.519531,-0.878906,-3.390625,0.496094,0.318359,0.378906,0.429626,-0.592896,0.215149,-0.646240
14.481607913970947,0.760132,2.800781,-0.480469,-1.429688,0.246094,0.324219,0.443359,0.434082,-0.587952,0.215698,-0.647583
14.501818895339966,0.764893,1.152344,0.085937,0.812500,0.146484,0.394531,0.222656,0.437622,-0.583740,0.218018,-0.648254
14.521836996078491,0.775513,-1.375000,0.578125,-0.132812,-0.496094,0.191406,-0.166016,0.438843,-0.580261,0.220703,-0.649597
14.542114019393921,0.774292,-0.964844,0.890625,3.492188,-0.322266,-0.208984,-0.408203,0.435059,-0.581360,0.223267,-0.650330
14.56184697151184,0.767212,-4.277344,1.257813,1.808594,0.019531,-0.267578,-0.250000,0.431152,-0.584778,0.222107,-0.650208
14.582068920135498,0.761475,0.671875,-0.265625,0.507812,-0.017578,-0.224609,0.015625,0.430176,-0.587097,0.219360,-0.649719
14.601888179779053,0.762329,1.328125,-0.394531,0.539062,-0.050781,-0.025391,0.130859,0.430542,-0.588562,0.218628,-0.648376
14.62232255935669,0.766113,1.996094,-0.503906,-0.289063,0.035156,0.072266,0.025391,0.431152,-0.588623,0.219543,-0.647583
14.641825437545776,0.774536,-0.480469,-0.179687,-0.863281,0.021484,0.031250,-0.089844,0.431335,-0.588074,0.219849,-0.647949
14.662163257598877,0.774292,-0.984375,0.078125,0.191406,-0.058594,-0.134766,-0.083984,0.430847,-0.588013,0.219360,-0.648437
14.682074546813965,0.774292,-0.195312,0.070312,0.554687,-0.150391,-0.181641,0.009766,0.430237,-0.589294,0.218750,-0.647888
14.70232105255127,0.771851,0.824219,0.031250,1.003906,-0.154297,-0.035156,0.154297,0.429871,-0.591003,0.218994,-0.646484
14.722254991531372,0.773071,0.683594,0.011719,0.156250,-0.087891,0.314453,0.615234,0.430237,-0.591309,0.221008,-0.645325
14.742319583892822,0.773926,3.085938,-1.285156,-0.910156,-0.083984,0.564453,0.845703,0.432617,-0.588501,0.226440,-0.644348
14.762091875076294,0.766846,1.066406,-0.546875,-0.289063,-0.177734,0.259766,0.431641,0.435852,-0.583801,0.234192,-0.643738
14.782320261001587,0.750977,-0.527344,0.527344,0.570312,-0.109375,-0.097656,-0.021484,0.437256,-0.581604,0.239075,-0.642944
14.802383661270142,0.745728,-1.949219,0.972656,0.203125,0.000000,0.078125,-0.046875,0.436951,-0.582214,0.239624,-0.642334
14.822319269180298,0.736572,0.953125,0.054687,-1.363281,0.220703,0.140625,0.046875,0.436646,-0.581848,0.239624,-0.642944
14.842523336410522,0.722046,1.074219,-0.144531,-1.851563,0.166016,0.009766,0.099609,0.437805,-0.580017,0.239197,-0.643982
14.86245846748352,0.714966,0.667969,0.160156,-0.167969,0.326172,-0.230469,-0.052734,0.439392,-0.578918,0.238586,-0.644104
14.882329940795898,0.709106,-1.820313,0.390625,-1.492188,0.652344,-0.230469,-0.097656,0.441528,-0.578918,0.235291,-0.643860
14.902409076690674,0.700439,-0.273438,-0.023437,-1.203125,1.007813,-0.246094,-0.041016,0.445374,-0.577698,0.229309,-0.644470
14.922861814498901,0.700439,-0.488281,-0.109375,-2.386719,0.712891,0.144531,0.294922,0.451477,-0.574646,0.221863,-0.645508
14.94234585762024,0.714233,1.289063,-0.832031,-0.839844,0.232422,0.345703,0.406250,0.456909,-0.570251,0.219360,-0.646423
14.962412357330322,0.784180,1.781250,-0.777344,-0.191406,-0.699219,0.468750,0.359375,0.459778,-0.566101,0.222290,-0.647095
14.982397317886353,0.799316,0.449219,0.035156,5.035156,-1.283203,-0.183594,-0.306641,0.456909,-0.566101,0.230530,-0.646240
15.002681732177734,0.800293,-4.324219,1.250000,5.511719,-0.369141,-0.148437,-0.822266,0.448486,-0.573059,0.235779,-0.644104
15.022733926773071,0.793945,-5.429687,1.226563,-4.023437,0.392578,0.042969,-0.529297,0.441956,-0.577393,0.232727,-0.645874
15.042849063873291,0.792114,3.378906,-1.191406,-1.011719,0.644531,0.582031,-0.367188,0.440491,-0.576477,0.227783,-0.649414
15.062710762023926,0.785889,1.617188,-3.503906,-1.460938,0.853516,0.691406,-0.281250,0.440491,-0.571106,0.223755,-0.655579
15.082451581954956,0.781738,-0.527344,-1.523438,-2.304688,0.679687,0.636719,0.138672,0.441956,-0.563599,0.219849,-0.662354
15.102595329284668,0.759399,4.261719,1.074219,0.339844,0.382813,0.345703,-0.072266,0.444885,-0.556274,0.218567,-0.666931
15.122690677642822,0.753662,-1.921875,1.750000,1.664063,-0.103516,-0.041016,-0.093750,0.445862,-0.552429,0.217407,-0.669861
15.14301347732544,0.748535,-1.039063,1.273438,3.203125,-0.111328,-0.109375,-0.074219,0.444885,-0.553040,0.217285,-0.670105
15.16283130645752,0.738281,-0.222656,0.343750,0.820312,-0.025391,-0.087891,-0.074219,0.443970,-0.554382,0.217102,-0.669617
15.182941913604736,0.734985,1.179688,0.039063,-0.656250,-0.066406,-0.210937,-0.146484,0.443481,-0.555420,0.216492,-0.669312
15.20292592048645,0.733887,0.312500,1.019531,-0.019531,-0.218750,-0.332031,-0.308594,0.442444,-0.557495,0.215149,-0.668701
15.222960710525513,0.734985,-1.195313,1.503906,0.449219,-0.341797,-0.287109,-0.156250,0.440002,-0.561279,0.213684,-0.667603
15.243370056152344,0.736572,0.550781,-0.039063,1.109375,-0.050781,-0.138672,-0.039063,0.437805,-0.564880,0.213501,-0.666077
15.263268232345581,0.740112,1.175781,-1.417969,-1.902344,-0.021484,-0.148437,-0.029297,0.437439,-0.566223,0.213074,-0.665283
15.28317904472351,0.736694,-0.410156,-0.277344,0.796875,-0.080078,-0.164062,-0.017578,0.437378,-0.567322,0.212463,-0.664612
15.303335666656494,0.730957,-0.339844,0.453125,0.664062,-0.189453,-0.304688,0.082031,0.437073,-0.568909,0.212097,-0.663574
15.32345700263977,0.728271,-0.433594,0.726562,0.367188,-0.695312,-0.511719,0.568359,0.437378,-0.571594,0.212891,-0.660767
15.34311842918396,0.750122,1.667969,1.710938,1.773438,-0.322266,-0.244141,-0.189453,0.436951,-0.576172,0.216431,-0.655945
15.363117933273315,0.768555,1.144531,-1.960938,-1.835938,-0.908203,-0.548828,0.267578,0.433716,-0.580322,0.218018,-0.653931
15.383004903793335,0.769653,2.410156,0.660156,5.437500,-1.017578,-0.933594,0.455078,0.431335,-0.587158,0.223389,-0.647522
15.403282642364502,0.733276,1.636719,0.203125,1.535156,-0.404297,-0.515625,0.441406,0.430481,-0.595764,0.228455,-0.638428
15.423566818237305,0.719238,1.214844,-0.214844,-2.437500,0.501953,0.537109,0.023437,0.431946,-0.599609,0.231323,-0.632751
15.443376541137695,0.715698,-3.113281,-0.921875,-8.832031,1.181641,0.720703,-0.601562,0.434021,-0.594360,0.230164,-0.636719
15.463274002075195,0.711426,-4.316406,-0.675781,-6.839844,0.814453,0.828125,-1.458984,0.434448,-0.586304,0.222717,-0.646484
15.483651638031006,0.630859,-5.328125,-4.089844,4.007812,0.994141,1.400391,-1.701172,0.428406,-0.580139,0.212524,-0.659363
15.503472566604614,0.563599,-0.496094,-4.921875,-0.265625,1.185547,1.248047,-1.839844,0.420166,-0.570557,0.201721,-0.676208
15.5235013961792,0.487061,-0.027344,-2.230469,-0.050781,1.339844,1.519531,-1.345703,0.411926,-0.559509,0.189026,-0.693909
15.543561220169067,0.349243,2.921875,1.480469,-0.332031,1.058594,1.216797,-0.423828,0.407043,-0.546021,0.178772,-0.710083
15.563481569290161,0.256226,5.117187,3.636719,2.019531,0.566406,0.470703,0.195312,0.407288,-0.533997,0.173706,-0.720276
15.583430767059326,0.227173,2.406250,4.871094,3.910156,0.150391,0.156250,1.007813,0.411011,-0.527588,0.172791,-0.723083
15.603411436080933,0.204834,3.726563,4.417969,2.679688,-0.423828,-0.054687,1.367188,0.418518,-0.524292,0.177551,-0.720032
15.623814821243286,0.235840,1.554688,2.738281,3.265625,-0.697266,-0.458984,0.796875,0.425903,-0.524109,0.187012,-0.713379
15.643738508224487,0.256714,-3.515625,1.222656,2.148438,-0.593750,-0.724609,0.259766,0.428894,-0.528625,0.194092,-0.706360
15.663813829421997,0.263062,-4.878906,0.207031,-0.187500,-0.242187,-0.589844,0.263672,0.429260,-0.535400,0.196838,-0.700256
15.68372631072998,0.251587,1.320313,-0.996094,-2.957031,0.234375,-0.037109,0.312500,0.430908,-0.539795,0.197510,-0.695679
15.703697204589844,0.239136,1.718750,-2.000000,-3.453125,0.730469,0.304688,0.226562,0.434326,-0.538574,0.197205,-0.694519
15.723989248275757,0.206055,0.660156,-1.769531,-3.625000,1.035156,0.492187,0.248047,0.439270,-0.532837,0.194763,-0.696533
15.743933200836182,0.129272,0.140625,-0.812500,-2.101563,1.406250,0.703125,0.443359,0.445557,-0.524292,0.191101,-0.700073
15.763527154922485,0.094360,0.925781,0.207031,-1.617188,1.662109,0.687500,0.541016,0.454590,-0.512268,0.186584,-0.704346
